,1星,2星,3星,4星,5星,actor,comment,country,date,director,language,name,score,scriptwriter,time,type
0,6.7%,28.3%,48.3%,10.0%,6.7%,田川,326,['\n        '],['2019-05-21(中国大陆)'],杨龙,['\n        '],狂怒的金佛,5.6,杨龙,87分钟,['剧情']
1,0.0%,2.5%,29.4%,48.0%,20.1%,诺亚·尤佩,324,['\n        '],"['2019-01-25(圣丹斯电影节)', '2019-11-08(美国)']",阿尔玛·哈勒,['\n        '],宝贝男孩 Honey Boy,7.7,希亚·拉博夫,93分钟,['剧情']
2,0.4%,5.0%,38.7%,42.0%,13.9%,比尔·奈伊,288,['\n        '],"['2018-10-12(伦敦电影节)', '2019-06-14(英国)']",卡尔·亨特,['\n        '],"有时候，永远不 Sometimes, Always Never",7.3,弗兰克·科特雷尔·博伊斯,91分钟,['剧情']
3,1.6%,5.4%,27.8%,46.0%,19.2%,桑尼·库普斯·范·乌特伦,409,['\n        '],"['2019-02-07(柏林国际电影节)', '2019-07-03(荷兰)']",史蒂文·沃特卢德,['\n        '],非凡夏日 My Extraordinary Summer with Tess,7.5,劳拉·范·迪克,82分钟,['家庭']
4,3.9%,9.3%,47.8%,28.7%,10.4%,高良健吾,437,['\n        '],['2019-07-19(日本)'],安里麻里,['\n        '],我在你床下 アンダー・ユア・ベッド,6.6,大石圭,98分钟,"['惊悚', '恐怖']"
5,1.2%,5.1%,24.1%,44.7%,24.9%,帕特里克·德阿萨姆曹,321,['\n        '],"['2018-11-19(贝尔福采访电影节)', '2019-02-11(柏林国际电影节)']",玛丽恩·阿特兰,['\n        '],丹尼尔的脸 Daniel fait face,7.7,玛丽恩·阿特兰,59分钟,['剧情']
6,1.6%,6.5%,41.1%,40.9%,10.0%,亚当·德赖弗,644,['\n        '],"['2019-01-26(圣丹斯电影节)', '2019-11-15(美国)']",斯科特·Z·本恩斯,['\n        '],酷刑报告 The Report,7.0,斯科特·Z·本恩斯,118分钟(圣丹斯电影节),['剧情']
7,2.8%,11.9%,56.2%,23.6%,5.5%,欧嘉·柯瑞兰寇,772,['\n        '],"['2019-04-15(布鲁塞尔国际奇幻影展)', '2019-09-12(葡萄牙)']",克里斯蒂安·福克曼,['\n        '],心愿房间 The Room,6.3,萨布丽娜·卡琳,100分钟,"['剧情', '科幻', '悬疑']"
8,5.5%,34.1%,45.7%,10.1%,4.6%,玉森裕太,418,['\n        '],['2019-05-31(日本)'],森义隆,['\n        '],平行世界·爱情故事 パラレルワールド・ラブストーリー,5.5,东野圭吾,108分钟,['爱情']
9,5.8%,22.2%,53.7%,13.6%,4.7%,宋清晨,317,['\n        '],"['2018-06-29(富川电影节)', '2019-07-10(韩国)']",高政煜,['\n        '],真犯 진범,5.8,高政煜,100分钟,['悬疑']
10,3.2%,9.6%,45.5%,30.9%,10.8%,安田显,420,[],['2019-02-22(日本)'],大森立嗣,['\n        '],母亲去世时，我甚至想吃掉她的遗骨 母を亡くした時、僕は遺骨を食べたいと思った。,6.7,大森立嗣,108分钟,[]
11,0.4%,1.4%,19.1%,51.9%,27.2%,维克图瓦尔·杜布瓦,1952,['\n        '],"['2019-05-17(戛纳电影节)', '2019-11-06(法国)']",杰赫米·克拉潘,['\n        '],我失去了身体 J'ai perdu mon corps,8.1,杰赫米·克拉潘,81分钟,['动画']
12,1.2%,4.4%,45.0%,35.7%,13.7%,海伦娜·伯翰·卡特,329,['\n        '],['2018-04-13(美国)'],Richard Lanni,['\n        '],斯塔比中士：一个美国英雄 Sgt. Stubby: An American Hero,7.1,Richard Lanni,84分钟,['动画']
13,6.7%,28.3%,48.3%,10.0%,6.7%,田川,326,['\n        '],['2019-05-21(中国大陆)'],杨龙,['\n        '],狂怒的金佛,5.6,杨龙,87分钟,['剧情']
14,0.0%,2.5%,29.4%,48.0%,20.1%,诺亚·尤佩,324,['\n        '],"['2019-01-25(圣丹斯电影节)', '2019-11-08(美国)']",阿尔玛·哈勒,['\n        '],宝贝男孩 Honey Boy,7.7,希亚·拉博夫,93分钟,['剧情']
15,0.4%,5.0%,38.7%,42.0%,13.9%,比尔·奈伊,288,['\n        '],"['2018-10-12(伦敦电影节)', '2019-06-14(英国)']",卡尔·亨特,['\n        '],"有时候，永远不 Sometimes, Always Never",7.3,弗兰克·科特雷尔·博伊斯,91分钟,['剧情']
16,1.6%,5.4%,27.8%,46.0%,19.2%,桑尼·库普斯·范·乌特伦,409,['\n        '],"['2019-02-07(柏林国际电影节)', '2019-07-03(荷兰)']",史蒂文·沃特卢德,['\n        '],非凡夏日 My Extraordinary Summer with Tess,7.5,劳拉·范·迪克,82分钟,['家庭']
17,3.9%,9.3%,47.8%,28.7%,10.4%,高良健吾,437,['\n        '],['2019-07-19(日本)'],安里麻里,['\n        '],我在你床下 アンダー・ユア・ベッド,6.6,大石圭,98分钟,"['惊悚', '恐怖']"
18,1.2%,5.1%,24.1%,44.7%,24.9%,帕特里克·德阿萨姆曹,321,['\n        '],"['2018-11-19(贝尔福采访电影节)', '2019-02-11(柏林国际电影节)']",玛丽恩·阿特兰,['\n        '],丹尼尔的脸 Daniel fait face,7.7,玛丽恩·阿特兰,59分钟,['剧情']
19,1.6%,6.5%,41.1%,40.9%,10.0%,亚当·德赖弗,644,['\n        '],"['2019-01-26(圣丹斯电影节)', '2019-11-15(美国)']",斯科特·Z·本恩斯,['\n        '],酷刑报告 The Report,7.0,斯科特·Z·本恩斯,118分钟(圣丹斯电影节),['剧情']
20,2.8%,11.9%,56.2%,23.6%,5.5%,欧嘉·柯瑞兰寇,772,['\n        '],"['2019-04-15(布鲁塞尔国际奇幻影展)', '2019-09-12(葡萄牙)']",克里斯蒂安·福克曼,['\n        '],心愿房间 The Room,6.3,萨布丽娜·卡琳,100分钟,"['剧情', '科幻', '悬疑']"
21,5.5%,34.1%,45.7%,10.1%,4.6%,玉森裕太,418,['\n        '],['2019-05-31(日本)'],森义隆,['\n        '],平行世界·爱情故事 パラレルワールド・ラブストーリー,5.5,东野圭吾,108分钟,['爱情']
22,5.8%,22.2%,53.7%,13.6%,4.7%,宋清晨,317,['\n        '],"['2018-06-29(富川电影节)', '2019-07-10(韩国)']",高政煜,['\n        '],真犯 진범,5.8,高政煜,100分钟,['悬疑']
23,3.2%,9.6%,45.5%,30.9%,10.8%,安田显,420,[],['2019-02-22(日本)'],大森立嗣,['\n        '],母亲去世时，我甚至想吃掉她的遗骨 母を亡くした時、僕は遺骨を食べたいと思った。,6.7,大森立嗣,108分钟,[]
24,0.4%,1.4%,19.1%,51.9%,27.2%,维克图瓦尔·杜布瓦,1952,['\n        '],"['2019-05-17(戛纳电影节)', '2019-11-06(法国)']",杰赫米·克拉潘,['\n        '],我失去了身体 J'ai perdu mon corps,8.1,杰赫米·克拉潘,81分钟,['动画']
25,1.2%,4.4%,45.0%,35.7%,13.7%,海伦娜·伯翰·卡特,329,['\n        '],['2018-04-13(美国)'],Richard Lanni,['\n        '],斯塔比中士：一个美国英雄 Sgt. Stubby: An American Hero,7.1,Richard Lanni,84分钟,['动画']
26,6.7%,28.3%,48.3%,10.0%,6.7%,田川,326,['\n        '],['2019-05-21(中国大陆)'],杨龙,['\n        '],狂怒的金佛,5.6,杨龙,87分钟,['剧情']
27,0.0%,2.5%,29.4%,48.0%,20.1%,诺亚·尤佩,324,['\n        '],"['2019-01-25(圣丹斯电影节)', '2019-11-08(美国)']",阿尔玛·哈勒,['\n        '],宝贝男孩 Honey Boy,7.7,希亚·拉博夫,93分钟,['剧情']
28,0.4%,5.0%,38.7%,42.0%,13.9%,比尔·奈伊,288,['\n        '],"['2018-10-12(伦敦电影节)', '2019-06-14(英国)']",卡尔·亨特,['\n        '],"有时候，永远不 Sometimes, Always Never",7.3,弗兰克·科特雷尔·博伊斯,91分钟,['剧情']
29,1.6%,5.4%,27.8%,46.0%,19.2%,桑尼·库普斯·范·乌特伦,409,['\n        '],"['2019-02-07(柏林国际电影节)', '2019-07-03(荷兰)']",史蒂文·沃特卢德,['\n        '],非凡夏日 My Extraordinary Summer with Tess,7.5,劳拉·范·迪克,82分钟,['家庭']
30,3.9%,9.3%,47.8%,28.7%,10.4%,高良健吾,437,['\n        '],['2019-07-19(日本)'],安里麻里,['\n        '],我在你床下 アンダー・ユア・ベッド,6.6,大石圭,98分钟,"['惊悚', '恐怖']"
31,1.2%,5.1%,24.1%,44.7%,24.9%,帕特里克·德阿萨姆曹,321,['\n        '],"['2018-11-19(贝尔福采访电影节)', '2019-02-11(柏林国际电影节)']",玛丽恩·阿特兰,['\n        '],丹尼尔的脸 Daniel fait face,7.7,玛丽恩·阿特兰,59分钟,['剧情']
32,1.6%,6.5%,41.1%,40.9%,10.0%,亚当·德赖弗,644,['\n        '],"['2019-01-26(圣丹斯电影节)', '2019-11-15(美国)']",斯科特·Z·本恩斯,['\n        '],酷刑报告 The Report,7.0,斯科特·Z·本恩斯,118分钟(圣丹斯电影节),['剧情']
33,2.8%,11.9%,56.2%,23.6%,5.5%,欧嘉·柯瑞兰寇,772,['\n        '],"['2019-04-15(布鲁塞尔国际奇幻影展)', '2019-09-12(葡萄牙)']",克里斯蒂安·福克曼,['\n        '],心愿房间 The Room,6.3,萨布丽娜·卡琳,100分钟,"['剧情', '科幻', '悬疑']"
34,5.5%,34.1%,45.7%,10.1%,4.6%,玉森裕太,418,['\n        '],['2019-05-31(日本)'],森义隆,['\n        '],平行世界·爱情故事 パラレルワールド・ラブストーリー,5.5,东野圭吾,108分钟,['爱情']
35,5.8%,22.2%,53.7%,13.6%,4.7%,宋清晨,317,['\n        '],"['2018-06-29(富川电影节)', '2019-07-10(韩国)']",高政煜,['\n        '],真犯 진범,5.8,高政煜,100分钟,['悬疑']
36,3.2%,9.6%,45.5%,30.9%,10.8%,安田显,420,[],['2019-02-22(日本)'],大森立嗣,['\n        '],母亲去世时，我甚至想吃掉她的遗骨 母を亡くした時、僕は遺骨を食べたいと思った。,6.7,大森立嗣,108分钟,[]
37,0.4%,1.4%,19.1%,51.9%,27.2%,维克图瓦尔·杜布瓦,1952,['\n        '],"['2019-05-17(戛纳电影节)', '2019-11-06(法国)']",杰赫米·克拉潘,['\n        '],我失去了身体 J'ai perdu mon corps,8.1,杰赫米·克拉潘,81分钟,['动画']
38,1.2%,4.4%,45.0%,35.7%,13.7%,海伦娜·伯翰·卡特,329,['\n        '],['2018-04-13(美国)'],Richard Lanni,['\n        '],斯塔比中士：一个美国英雄 Sgt. Stubby: An American Hero,7.1,Richard Lanni,84分钟,['动画']
39,0.0%,1.4%,31.9%,46.6%,20.1%,弗朗卡·波滕特,544,['\n        '],['2018-09-13(德国)'],马库斯·戈勒,['\n        '],时速二十五 25 km/h,7.7,奥利弗·泽根巴格,116分钟,['喜剧']
40,1.0%,5.4%,43.1%,41.1%,9.4%,艾迪·墨菲,519,['\n        '],"['2019-09-07(多伦多电影节)', '2019-10-25(美国)']",克雷格·布鲁尔,['\n        '],我叫多麦特 Dolemite Is My Name,7.0,斯科特·亚历山大,118分钟,"['剧情', '传记']"
41,1.6%,7.6%,52.2%,28.3%,10.4%,里尔·莱尔·哈瓦瑞,653,['\n        '],"['2019-01-28(圣丹斯电影节)', '2019-08-23(美国)']",保罗·唐斯·卡莱佐,['\n        '],她的马拉松 Brittany Runs a Marathon,6.8,保罗·唐斯·卡莱佐,103分钟,"['剧情', '喜剧']"
42,0.8%,3.8%,38.0%,48.5%,8.9%,崔娜·蒂虹,1964,['\n        '],"['2019-01-26(圣丹斯电影节)', '2019-03-28(丹麦)', '2019-04-26(瑞典)']",梅尔·图琪,['\n        '],红心女王 Dronningen,7.2,玛伦·路易丝·凯恩,127分钟,['剧情']
43,1.4%,15.7%,52.4%,24.1%,6.5%,朱丽安·摩尔,472,['\n        '],"['2019-01-24(圣丹斯电影节)', '2019-08-09(美国)']",巴特·弗伦德里希,['\n        '],婚礼之后 After the Wedding,6.4,巴特·弗伦德里希,110分钟,['剧情']
44,7.1%,33.4%,45.1%,9.4%,5.0%,尼古拉斯·凯奇,517,['\n        '],['2019-11-08(美国)'],尼克·鲍威尔,['\n        '],原始恐惧 Primal,5.4,Richard Leder,97分钟,['动作']
45,1.3%,7.5%,50.9%,29.8%,10.5%,贾斯汀·塞洛克斯,889,[' / '],['2019-11-12(美国)'],查理·宾,[' / '],小姐与流浪汉 Lady and the Tramp,6.8,安德鲁·布加尔斯基,103分钟,"['剧情', '喜剧', '爱情', '动画', '家庭', '冒险']"
46,9.2%,36.9%,38.8%,10.8%,4.2%,Taapsee Pannu,322,['\n        '],['2019-06-14(印度)'],Ashwin Saravanan,['\n        '],游戏结束 Game Over,5.3,Ramkumar Kaavya,102分钟,"['剧情', '惊悚']"
47,0.7%,2.9%,20.6%,37.8%,38.0%,苏尚特·辛格·拉吉普特,3100,['\n        '],['2019-09-06(印度)'],涅提·蒂瓦里,['\n        '],最初的梦想 Chhichhore,8.2,比于什·古普塔,143分钟,"['剧情', '喜剧', '爱情']"
48,0.8%,11.6%,46.0%,31.9%,9.7%,卡里斯·范·侯登,477,['\n        '],['2019-03-14(捷克)'],朱利斯·舍夫契克,['\n        '],迷情玻璃屋 The Glass Room,6.8,Simon Mawer,103分钟,['剧情']
49,1.3%,3.2%,19.2%,43.9%,32.4%,花泽香菜,512,['\n        '],['2019-06-29(日本)'],宇木敦哉,['\n        '],千子2 センコロール コネクト,8.1,宇木敦哉,74分钟,"['剧情', '动画']"
50,3.3%,14.7%,48.6%,23.9%,9.4%,安塞尔·艾尔高特,1108,['\n        '],"['2019-09-08(多伦多电影节)', '2019-09-13(美国)']",约翰·克劳利,['\n        '],金翅雀 The Goldfinch,6.4,彼特·斯特劳恩,149分钟,['剧情']
51,8.5%,32.8%,43.3%,10.5%,4.9%,丹尼·罗维拉,311,['\n        '],['2018-11-23(西班牙)'],哈维尔·鲁伊斯·卡尔德拉,['\n        '],超级洛佩兹 Superlópez,5.4,博尔哈·科贝亚加,108分钟,['喜剧']
52,5.8%,24.3%,49.3%,17.1%,3.5%,艾丽西亚·维坎德,625,['\n        '],"['2019-10-10(伦敦电影节)', '2019-11-15(美国)']",沃什·韦斯特摩兰,[' '],惊弓之鸟 Earthquake Bird,5.8,沃什·韦斯特摩兰,107分钟,"['剧情', '爱情', '悬疑', '惊悚']"
53,1.1%,2.9%,37.8%,46.6%,11.5%,大卫·克劳斯,499,[' '],"['2018-10-01(苏黎世电影节)', '2019-03-14(德国)', '2019-04-05(英国)']",马库斯·H·罗森米勒,[' / '],战火球星 Trautmann,7.3,罗伯特·马西尼亚克,120分钟,"['剧情', '爱情', '传记', '战争', '运动']"
54,6.5%,23.7%,45.0%,18.2%,6.5%,尼古拉斯·凯奇,361,['\n        '],['2019-10-18(美国)'],肯·桑泽尔,['\n        '],攻击链 Kill Chain,5.9,肯·桑泽尔,91分钟,['动作']
55,0.3%,3.5%,46.9%,43.7%,5.6%,莱昂·鲁塞夫,343,['\n        '],"['2018-05-12(戛纳电影节)', '2018-11(塞尔维亚)']",奥涅金·格拉沃尼奇,['\n        '],空间 Teret,7.0,奥涅金·格拉沃尼奇,98分钟,['剧情']
56,0.3%,0.9%,11.5%,43.7%,43.6%,J·K·西蒙斯,6551,['\n        '],['2019-11-08(西班牙/英国)'],塞尔希奥·巴勃罗斯,['\n        '],克劳斯：圣诞节的秘密 Klaus,8.6,扎克·李维斯,96分钟,['动画']
57,2.8%,7.3%,43.7%,40.2%,5.9%,让·杜雅尔丹,1815,['\n        '],"['2019-05-15(戛纳电影节)', '2019-06-19(法国)']",昆汀·杜皮约,['\n        '],鹿皮 Le daim,6.8,昆汀·杜皮约,77分钟,['喜剧']
58,0.7%,6.0%,44.0%,35.1%,14.2%,金来沅,4276,['\n        '],['2019-10-02(韩国)'],金涵潔,['\n        '],最普通的恋爱 가장보통의 연애,7.1,金涵潔,109分钟,"['喜剧', '爱情']"
59,3.1%,11.9%,54.6%,23.2%,7.2%,崔维斯·费米尔,1801,['\n        '],['2019-08-08(澳大利亚)'],科里夫·斯丹德斯,['\n        '],危机：龙潭之战 Danger Close: The Battle of Long Tan,6.4,斯图尔特·贝亚蒂耶,118分钟,"['剧情', '动作', '战争']"
60,0.4%,1.2%,17.3%,50.6%,30.6%,樱井孝宏,1125,['\n        '],['2019-03-15(日本)'],藤田阳一,['\n        '],阿松 剧场版 劇場版 えいがのおそ松さん,8.2,松原秀,108分钟,"['喜剧', '动画']"
61,1.7%,5.2%,51.9%,33.3%,7.9%,松坂桃李,809,['\n        '],['2019-05-17(日本)'],本木克英,['\n        '],瞌睡的磐音 居眠り磐音,6.8,藤本有纪,122分钟,['剧情']
62,0.0%,1.7%,33.9%,47.1%,17.2%,丹尼尔·奥特伊,673,['\n        '],"['2019-11-22(中国大陆)', '2018-09-30(蒙彼利埃首映)', '2018-12-12(法国)']",安托万·布勒西耶,['\n        '],雷米奇遇记 Rémi sans famille,7.6,安托万·布勒西耶,109分钟,['剧情']
63,5.0%,27.8%,50.0%,13.3%,3.9%,琪兰·席普卡,683,['\n        '],['2019-11-08(美国)'],卢克·斯奈林,['\n        '],冬季浪漫故事 Let It Snow,5.7,维多利亚·斯特劳斯,93分钟,"['喜剧', '爱情']"
64,2.5%,10.9%,58.7%,23.5%,4.6%,让-米歇尔·安蒂尔,782,['\n        '],['2019-02-11(柏林电影节)'],德尼·科泰,['\n        '],鬼镇事件簿 Répertoire des villes disparues,6.3,德尼·科泰,97分钟,"['剧情', '奇幻']"
65,2.6%,15.0%,56.8%,20.8%,4.8%,凯蒂·史蒂文斯 Katie Stevens,3256,['\n        '],['2019-09-13(美国)'],斯科特·贝克,['\n        '],惊魂鬼屋 Haunt,6.2,斯科特·贝克,92分钟,"['惊悚', '恐怖']"
66,0.5%,1.8%,27.0%,53.6%,17.1%,凯拉·奈特莉,3583,['\n        '],"['2019-01-28(圣丹斯电影节)', '2019-08-30(美国)']",加文·胡德,['\n        '],官方机密 Official Secrets,7.7,加文·胡德,112分钟(圣丹斯电影节),"['剧情', '惊悚', '传记']"
67,6.9%,25.8%,50.4%,12.5%,4.4%,伊莎贝拉·莫奈,961,['\n        '],['2019-08-09(美国)'],詹姆斯·博宾,['\n        '],爱探险的朵拉：消失的黄金城 Dora and the Lost City of Gold,5.6,马修·罗宾逊,100分钟,['冒险']
68,1.2%,10.6%,38.8%,30.6%,18.8%,李肖宁,617,['\n        '],"['2019-10-04(中国大陆电视)', '2019-10-23(中国大陆)']",王路沙,['\n        '],红色之子·单刀赴会,7.1,王路沙,96分钟,['动作']
69,1.0%,2.5%,26.7%,53.1%,16.7%,亚历山德拉·玛丽亚·拉娜,1384,['\n        '],['2019-04-18(德国)'],马可·克罗伊茨派因特纳,['\n        '],科林尼案 Der Fall Collini,7.6,Robert Gold,123分钟,"['剧情', '犯罪']"
70,2.9%,9.4%,35.8%,33.1%,18.8%,迪亚哥·卡萨多,432,['\n        '],['2019-05-29(Brazil)'],Mauro Carvalho,[' '],我亲爱的表哥 Primos,7.1,迪亚哥·卡萨多,83分钟,"['剧情', '喜剧', '爱情', '同性']"
71,7.3%,24.9%,44.0%,16.6%,7.3%,山姆·克拉弗林,465,['\n        '],"['2018-09-06(威尼斯电影节)', '2019-08-02(美国)']",詹妮弗·肯特,['\n        '],夜莺 The Nightingale,5.8,詹妮弗·肯特,136分钟,"['剧情', '惊悚', '冒险']"
72,8.8%,38.7%,40.7%,8.6%,3.1%,艾玛·罗伯茨,1384,['\n        '],"['2019-01-26(圣丹斯电影节)', '2019-11-01(美国)']",爱丽丝·沃丁顿,['\n        '],天堂山 Paradise Hills,5.2,爱丽丝·沃丁顿,95分钟(圣丹斯电影节),['奇幻']
73,1.7%,9.4%,50.7%,27.1%,11.1%,神谷明,2068,['\n        '],['2019-02-08(日本)'],儿玉兼嗣,['\n        '],城市猎人：新宿 PRIVATE EYES 劇場版シティーハンター　新宿プライベート・アイズ,6.7,加藤阳一,95分钟,"['喜剧', '动作', '动画']"
74,0.2%,0.6%,9.7%,42.1%,47.5%,郑有美,11360,['\n        '],['2019-10-23(韩国)'],金度英,['\n        '],82年生的金智英 82년생 김지영,8.7,刘英雅,118分钟,['剧情']
75,18.6%,34.3%,31.4%,4.3%,11.4%,姚星彤,536,['\n        '],['2019-08-27(中国大陆)'],王凯,['\n        '],毕业的我们,5.1,马丁,109分钟,['剧情']
76,2.3%,14.5%,55.5%,22.1%,5.5%,Hairul Azreen,421,['\n        '],['2018-09-27(马来西亚)'],郑建国,['\n        '],海军特种作战部队 Paskal,6.3,郑建国,115分钟,"['动作', '战争']"
77,0.6%,6.0%,33.4%,49.6%,10.4%,伯努瓦·波尔沃德,421,['\n        '],['2018-07-04(法国)'],昆汀·杜皮约,['\n        '],在警局！ Au poste!,7.3,昆汀·杜皮约,73分钟,['喜剧']
78,0.6%,1.8%,23.8%,49.1%,24.7%,小田部阿基,398,['\n        '],"['2018-05-11(戛纳电影节)', '2018-11-02(波兰)']",劳尔·德·拉·富恩特,['\n        '],人生的另一天 Un día más con vida,7.9,劳尔·德·拉·富恩特,80分钟,"['动画', '传记']"
79,2.3%,6.3%,57.7%,24.4%,9.4%,杰瑞·奥康奈尔,427,['\n        '],['2019-10-01(美国)'],杰克·卡斯托雷纳,['\n        '],超人之死与超人归来 The Death and Return of Superman,6.6,比尔·芬格,166分钟,['动画']
80,2.5%,14.9%,53.7%,22.3%,6.7%,蒂莫西·柴勒梅德,2912,['\n        '],"['2019-09-02(威尼斯电影节)', '2019-10-11(美国)', '2019-11-01(Netflix)']",大卫·米奇欧德,['\n        '],兰开斯特之王 The King,6.3,大卫·米奇欧德,133分钟,"['剧情', '传记', '历史']"
81,4.2%,24.1%,51.5%,14.2%,5.9%,徐睿知,915,['\n        '],['2019-09-19(韩国)'],李成泰,['\n        '],量子物理学 양자물리학,5.9,李成泰,119分钟,['犯罪']
82,7.6%,29.0%,51.8%,8.8%,2.7%,戴文·萨瓦,679,['\n        '],['2019-10-01(美国)'],唐·迈克尔·保罗,['\n        '],锅盖头4：回归法制 Jarhead: Law of Return,5.4,唐·迈克尔·保罗,103分钟,"['剧情', '动作', '战争']"
83,12.9%,33.5%,37.9%,12.9%,2.9%,安妮·柯蒂斯,353,['\n        '],"['2018-08-01(菲律宾)', '2018-08-10(美国)']",埃里克·马蒂,['\n        '],卧底 Buybust,5.2,埃里克·马蒂,127分钟,"['动作', '惊悚']"
84,0.8%,2.3%,26.1%,55.0%,15.8%,娜奥米·沃茨,2706,['\n        '],"['2019-01-27(圣丹斯电影节)', '2019-08-02(美国)']",朱利叶斯·约拿,['\n        '],卢斯 Luce,7.7,朱利叶斯·约拿,109分钟,['剧情']
85,3.4%,16.4%,47.4%,25.9%,7.0%,阿卜杜·巴尔德,823,['\n        '],"['2019-05-16(戛纳电影节)', '2019-10-02(法国)']",玛缇·迪欧普,['\n        '],大西洋 Atlantique,6.3,玛缇·迪欧普,104分钟,['剧情']
86,0.5%,3.3%,34.9%,45.7%,15.6%,希亚·拉博夫,4168,['\n        '],"['2019-03-09(西南偏南电影节)', '2019-08-09(美国)']",泰勒·尼尔森,['\n        '],花生酱猎鹰 The Peanut Butter Falcon,7.5,泰勒·尼尔森,97分钟,"['剧情', '喜剧', '冒险']"
87,2.3%,12.4%,61.9%,17.6%,5.8%,亚历山大·斯卡斯加德,873,['\n        '],"['2019-04-27(翠贝卡电影节)', '2019-10-25(美国)']",丹·克劳斯 ,['\n        '],杀戮部队 The Kill Team,6.2,丹·克劳斯 ,87分钟,"['剧情', '战争']"
88,3.9%,15.9%,56.8%,16.8%,6.5%,西恩·威廉·斯科特,751,['\n        '],['2019-09-20(美国)'],Henry Jacobson,['\n        '],血亲 Bloodline,6.1,Avra Fox-Lerner,95分钟,['恐怖']
89,4.0%,22.2%,58.2%,10.5%,5.1%,索菲娅·莉莉丝,343,['\n        '],['2019-03-15(美国)'],Katt Shea,['\n        '],南希·德鲁和隐藏的楼梯 Nancy Drew and the Hidden Staircase,5.8,妮娜·菲奥雷,89分钟,"['剧情', '家庭', '犯罪']"
90,5.2%,22.5%,46.0%,15.2%,11.1%,梶裕贵,364,['\n        '],['2019-01-25(日本)'],樱木优平,['\n        '],即便明天世界终结 あした世界が終わるとしても,6.1,樱木优平,93分钟,"['剧情', '科幻', '动画']"
91,6.8%,31.1%,45.7%,11.5%,4.8%,梅丽莎·麦卡西,1090,['\n        '],['2019-08-09(美国)'],安德丽亚·贝尔洛夫,[' '],地狱厨房 The Kitchen,5.5,奥利·马斯特斯,103分钟,"['剧情', '动作', '科幻', '犯罪']"
92,4.2%,25.1%,51.8%,14.7%,4.2%,保罗·路德,417,['\n        '],"['2018-01-19(圣丹斯电影节)', '2018-06-22(美国)']",本·列文,['\n        '],接球手间谍 The Catcher Was a Spy,5.8,罗伯特·罗达特,98分钟,"['剧情', '传记', '战争']"
93,1.1%,5.2%,41.6%,41.8%,10.2%,岸井雪乃,2291,['\n        '],"['2018-10-28(东京电影节)', '2019-04-19(日本)']",今泉力哉,['\n        '],爱情是什么 愛がなんだ,7.1,角田光代,123分钟,"['剧情', '爱情']"
94,0.3%,1.6%,18.7%,47.1%,32.2%,凯文·科斯特纳,9985,['\n        '],['2019-08-09(美国)'],西蒙·柯蒂斯,['\n        '],我在雨中等你 The Art of Racing in the Rain,8.2,马克·鲍姆贝克,109分钟,"['剧情', '喜剧']"
95,7.4%,31.2%,47.2%,11.0%,3.1%,尼娅·朗,3209,['\n        '],['2019-08-16(美国)'],约翰内斯·罗伯茨,['\n        '],鲨海逃生 47 Meters Down: Uncaged,5.4,欧内斯特·里埃拉,89分钟,"['惊悚', '恐怖', '冒险']"
96,4.7%,27.1%,47.8%,16.5%,3.9%,迈克尔·阿伯特,431,['\n        '],"['2019-01-26(圣丹斯电影节)', '2019-09-27(美国)']",丹尼尔·施纳特,['\n        '],迪克·朗之死 The Death of Dick Long,5.8,Billy Chew,100分钟(圣丹斯电影节),"['剧情', '喜剧', '犯罪']"
97,0.7%,4.8%,25.7%,53.1%,15.8%,洼田正孝,326,['\n        '],"['2019-05-15(戛纳电影节)', '2020-02-28(日本)']",三池崇史,['\n        '],初恋,7.6,中村雅,108分钟,"['剧情', '爱情', '犯罪']"
98,1.2%,0.9%,7.0%,34.0%,56.9%,宫野真守,422,['\n        '],['2019-09-27(日本)'],多田俊介,['\n        '],银河英雄传说 Die Neue These 星乱 第1章 銀河英雄伝説 Die Neue These 星乱 第1章,8.9,田中芳树,96分钟,['动画']
99,1.1%,1.7%,13.4%,45.3%,38.6%,周冬雨,610049,['\n        '],['2019-10-25(中国大陆)'],曾国祥,['\n        '],少年的你,8.4,林咏琛,135分钟,"['剧情', '爱情', '犯罪']"
100,1.4%,3.5%,44.4%,38.1%,12.6%,斯特凡诺·阿科尔西,391,['\n        '],['2019-04-18(意大利)'],Leonardo D'Agostini,['\n        '],冠军 Il campione,7.1,Leonardo D'Agostini,105分钟,"['剧情', '运动']"
101,1.4%,6.3%,47.8%,32.0%,12.6%,尼古拉斯·高布,765,['\n        '],['2019-05-08(法国)'],马克西姆·戈瓦尔,['\n        '],闪虾亮晶晶 Les Crevettes pailletées,7.0,马克西姆·戈瓦尔,100分钟,"['喜剧', '同性']"
102,11.4%,29.6%,40.7%,14.3%,3.9%,塔布,356,['\n        '],['2018-04-06(印度)'],Mukul Abhyankar,['\n        '],失踪谜案 Missing,5.4,Mukul Abhyankar,120分钟,"['悬疑', '惊悚']"
103,0.6%,2.1%,22.4%,48.7%,26.2%,加斯顿·雷,4986,['\n        '],"['2019-02-26(悉尼同性恋狂欢节电影节)', '2019-07-04(阿根廷)']",马可·伯格,['\n        '],金发男子 Un rubio,8.0,马可·伯格,108分钟,"['剧情', '爱情', '同性']"
104,2.5%,13.3%,54.5%,23.7%,6.0%,露皮塔·尼永奥,2384,['\n        '],"['2019-01-27(圣丹斯电影节)', '2019-10-05(伦敦电影节)', '2019-10-08(美国)', '2019-11-15(英国)']",亚伯·福赛斯,['\n        '],小怪物 Little Monsters,6.3,亚伯·福赛斯,94分钟(圣丹斯电影节),"['喜剧', '恐怖']"
105,3.5%,11.6%,48.5%,25.3%,11.1%,滨边美波,1660,['\n        '],['2019-05-03(日本)'],英勉,['\n        '],狂赌之渊 电影版 映画 賭ケグルイ,6.6,高野水登,119分钟,['剧情']
106,2.6%,16.1%,53.6%,22.2%,5.5%,凯利·蕾莉,3324,['\n        '],['2019-10-18(美国)'],夏兰·福伊,['\n        '],禁闭男童 Eli,6.2,大卫·希拉里奥,98分钟,['恐怖']
107,1.3%,10.4%,54.4%,25.6%,8.4%,马东锡,6082,['\n        '],['2019-09-11(韩国)'],孙容镐,['\n        '],坏家伙们 나쁜 녀석들,6.6, 韩正勋,114分钟,"['动作', '犯罪']"
108,0.2%,0.5%,5.9%,30.0%,63.3%,罗伯特·德尼罗,30020,['\n        '],"['2019-09-27(纽约电影节)', '2019-11-01(美国点映)', '2019-11-27(美国网络)']",马丁·斯科塞斯,['\n        '],爱尔兰人 The Irishman,9.1,查尔斯·布兰特,210分钟,"['剧情', '传记', '犯罪']"
109,9.1%,27.6%,53.8%,6.2%,3.3%,西奥·罗西,342,['\n        '],['2019-06-14(美国)'],汤姆·德努奇,['\n        '],保险库 Vault,5.3,汤姆·德努奇,99分钟,"['剧情', '犯罪']"
110,11.9%,36.3%,41.2%,7.5%,3.1%,亚历珊德拉·达达里奥,506,['\n        '],['2019-09-13(美国)'],Elise Duran,['\n        '],我的A级秘密 Can You Keep a Secret?,5.1,彼得·哈钦斯,94分钟,"['喜剧', '爱情']"
111,2.2%,8.8%,44.6%,30.9%,13.5%,胡杏儿,1226,['\n        '],['2019-01-03(中国香港)'],高志森,['\n        '],拾芳,6.9,芳心荟,86分钟,['传记']
112,3.4%,7.4%,34.6%,35.9%,18.8%,赤楚卫二,337,['\n        '],['2019-01-25(日本)'],山口恭平,['\n        '],Build NEW WORLD 假面骑士Cross-Z ビルド NEW WORLD 仮面ライダークローズ,7.2,武藤将吾,60分钟,['动画']
113,6.1%,19.7%,42.4%,22.7%,9.1%,王宏,598,[],['2019-09-19(中国大陆)'],史昂,['\n        '],毛驴上树,6.2,昃文江,92分钟,[]
114,1.0%,4.3%,41.1%,42.2%,11.4%,稻垣吾郎,932,['\n        '],"['2018-10-30(东京电影节)', '2019-02-15(日本)']",阪本顺治,['\n        '],半世界,7.2,阪本顺治,120分钟,['剧情']
115,0.6%,2.2%,28.2%,51.5%,17.5%,路易斯·海耶尔,867,['\n        '],['2018-12-25(德国)'],卡罗莉内·林克,['\n        '],这个男孩必须被释放 Der Junge muss an die frische Luft,7.7,哈佩·科可林,100分钟,"['剧情', '家庭', '传记']"
116,3.6%,23.9%,54.3%,12.3%,5.9%,罗莎里奥·道森,1565,['\n        '],['2019-10-05(美国)'],贾斯汀·科普兰,['\n        '],神奇女侠：血脉 Wonder Woman: Bloodlines,5.9,威廉·马斯顿,83分钟,"['动画', '奇幻']"
117,3.1%,20.7%,40.2%,30.5%,5.5%,卡洛斯·雷加达斯,318,['\n        '],['2018-09-05(威尼斯电影节)'],卡洛斯·雷加达斯,['\n        '],我们的时光 Nuestro tiempo,6.3,卡洛斯·雷加达斯,173分钟,['剧情']
118,1.0%,4.0%,32.0%,45.7%,17.3%,兰维尔·辛格,1234,['\n        '],['2019-02-14(印度)'],卓娅·阿赫塔尔,['\n        '],印度有嘻哈 गली बॉय,7.5,卓娅·阿赫塔尔,153分钟,"['剧情', '音乐']"
119,4.6%,11.6%,40.6%,31.1%,12.1%,椎名桔平,3832,['\n        '],['2019-10-11(日本)'],园子温,['\n        '],在无爱之森呐喊 愛なき森で叫べ,6.7,园子温,151分钟,"['惊悚', '犯罪']"
120,1.6%,8.5%,49.4%,33.2%,7.3%,萨姆·沃辛顿,5563,['\n        '],['2019-10-11(美国)'],布拉德·安德森,['\n        '],断裂 Fractured,6.7,阿兰·B·麦克埃尔罗伊,100分钟,['惊悚']
121,4.5%,25.9%,50.9%,13.9%,4.8%,莫妮卡·贝鲁奇,407,['\n        '],['2018-09-07(多伦多电影节)'],凯亚·罗奇-特纳,['\n        '],尼可曼斯 Nekromancer,5.8,凯亚·罗奇-特纳,99分钟,"['科幻', '恐怖']"
122,0.7%,6.0%,42.7%,40.0%,10.6%,威尔·史密斯,170403,['\n        '],"['2019-10-18(中国大陆)', '2019-09-25(匈牙利)', '2019-10-11(美国)']",李安,['\n        '],双子杀手 Gemini Man,7.1,戴维·贝尼奥夫,117分钟,"['剧情', '动作', '科幻']"
123,1.7%,15.3%,55.5%,21.5%,6.0%,朴正民,5765,['\n        '],['2019-09-11(韩国)'],权五光,['\n        '],老千3：独眼杰克 타짜: 원 아이드 잭,6.3,许英万,139分钟,"['剧情', '动作']"
124,1.5%,6.0%,43.6%,32.0%,16.9%,车胜元,1066,['\n        '],['2019-09-11(韩国)'],李桂碧,['\n        '],加油，李先生 힘을 내요 미스터 리,7.1,李桂碧 Gye-byeok Lee,111分钟,"['剧情', '喜剧']"
125,1.2%,11.7%,57.6%,25.0%,4.5%,古天乐,49926,['\n        '],"['2019-10-12(中国大陆)', '2019-10-24(中国香港)']",冯志强,['\n        '],犯罪现场 犯罪現場,6.4,冯志强,105分钟,"['悬疑', '惊悚', '犯罪']"
126,0.8%,3.0%,21.1%,41.2%,33.9%,亚伦·保尔,38261,['\n        '],['2019-10-11(美国)'],文斯·吉里根,['\n        '],续命之徒：绝命毒师电影 El Camino: A Breaking Bad Movie,8.1,文斯·吉里根,122分钟,"['剧情', '惊悚', '犯罪']"
127,4.7%,10.6%,30.2%,35.7%,18.8%,林原惠美,318,['\n        '],['2018-09-07(日本)'],本广克行,['\n        '],特别的她 Progressive 劇場版 フリクリ　プログレ,7.1,岩井秀人,135分钟,"['剧情', '科幻', '动画']"
128,2.8%,9.9%,40.9%,39.2%,7.1%,门胁麦,423,['\n        '],"['2018-10-05(釜山电影节)', '2018-10-13(日本)']",白石和弥,['\n        '],我们无法阻挡 止められるか、俺たちを,6.8,井上淳一,119分钟,['剧情']
129,4.7%,18.4%,49.2%,23.1%,4.7%,克里斯蒂安娜·保罗,2156,['\n        '],"['2019-10-12(中国大陆)', '2018-04-12(德国)']",克里斯蒂安·阿瓦特,['\n        '],急速逃脱 Steig. Nicht. Aus!,6.1,克里斯蒂安·阿瓦特,109分钟,"['惊悚', '犯罪']"
130,4.6%,26.5%,48.0%,14.6%,6.3%,梅根·福克斯,371,['\n        '],['2019-05-31(美国)'],克劳迪娅·迈克斯,['\n        '],幽灵女孩 Above the Shadows,5.8,克劳迪娅·迈克斯,111分钟,"['爱情', '奇幻']"
131,5.9%,23.5%,46.6%,18.8%,5.3%,黑川芽以,667,['\n        '],['2019-03-23(日本)'],大九明子,['\n        '],大龄美女想相亲 美人が婚活してみたら,5.9,大河原次郎,90分钟,['爱情']
132,3.8%,12.0%,56.0%,21.7%,6.5%,苏珊·沃尔夫,418,['\n        '],['2018-02-16(柏林电影节)'],沃尔夫冈·费希尔,['\n        '],怒海仁心 Styx,6.3,沃尔夫冈·费希尔,94分钟,['剧情']
133,1.0%,14.2%,56.4%,22.4%,6.0%,马丁·弗瑞曼,499,['\n        '],"['2019-04-04(Riverrun国际电影节)', '2019-08-09(美国)']",杰森·维纳,['\n        '],欢乐颂 Ode to Joy,6.4,马克斯·沃纳,97分钟,['喜剧']
134,2.0%,10.2%,54.4%,26.1%,7.3%,卢克·伊万斯,1079,['\n        '],"['2019-08-14(澳大利亚（墨尔本国际电影节）)', '2019-08-30(美国)']",金·法伦特,['\n        '],我的天使 Angel of Mine,6.5,卢克·戴维斯,97分钟,"['剧情', '惊悚']"
135,1.1%,4.0%,34.7%,41.9%,18.3%,关智一,1269,['\n        '],['2019-03-08(日本)'],盐谷直义,['\n        '],心理测量者SS3 PSYCHO-PASS サイコパス Sinners of the System Case.3「恩讐の彼方に＿＿」,7.4,深见真,67分钟,"['动作', '动画', '犯罪']"
136,0.5%,1.7%,20.7%,50.8%,26.2%,东地宏树,1442,['\n        '],['2019-02-15(日本)'],盐谷直义,['\n        '],心理测量者SS2：第一卫士 PSYCHO-PASS サイコパス Sinners of the System Case.2「First Guardian」,8.0,深见真,60分钟,"['动作', '动画', '犯罪']"
137,1.0%,2.3%,13.0%,31.4%,52.3%,石川界人,6340,['\n        '],"['2019-06-15(日本)', '2019-09-27(台湾)']",增井壮一,['\n        '],青春期猪头少年不做怀梦少女的梦 青春ブタ野郎はゆめみる少女の夢を見ない,8.6,鸭志田一,90分钟,"['剧情', '爱情', '动画']"
138,3.1%,30.8%,46.2%,9.2%,10.8%,孙一明,362,['\n        '],['2019-06-15(中国大陆)'],海涛,['\n        '],洗罪,5.9,吕姝欣,89分钟,['犯罪']
139,2.4%,14.1%,54.5%,24.1%,4.8%,蕾斯拉·德·奥利维拉,10468,['\n        '],"['2019-09-20(奥斯汀奇幻电影节)', '2019-10-04(美国)']",文森佐·纳塔利,['\n        '],高草丛中 In the Tall Grass,6.3,文森佐·纳塔利,101分钟,"['剧情', '惊悚', '恐怖']"
140,2.2%,9.6%,52.9%,25.7%,9.6%,Jaime Lorente,342,['\n        '],['2018-10-11(西班牙)'],丹尼·德拉托雷,['\n        '],法律的阴影 La sombra de la ley,6.6,帕西·阿米祖加,126分钟,['惊悚']
141,2.5%,14.8%,57.1%,20.6%,5.1%,戴夫·巴蒂斯塔,2943,['\n        '],['2019-07-12(美国)'],迈克尔·道斯,['\n        '],优步危机 Stuber,6.2,特里珀·克兰西,93分钟,"['喜剧', '动作']"
142,2.7%,6.8%,42.6%,37.2%,10.7%,Ratnabali Bhattacharjee,431,['\n        '],['2018-01-25(荷兰)'],阿蒂提雅·维克拉姆·森古普塔,['\n        '],萤火虫 জোনাকি,6.9,阿蒂提雅·维克拉姆·森古普塔,90分钟,['剧情']
143,0.5%,0.5%,15.6%,45.8%,37.6%,塔拉·斯特朗,945,['\n        '],['2019-09-24(美国)'],Jeff Mednikow,['\n        '],少年泰坦出击大战少年泰坦 Teen Titans Go! vs Teen Titans,8.4,杰瑞米·亚当斯,77分钟,['动画']
144,5.2%,22.1%,52.6%,14.8%,5.4%,尼古拉斯·凯奇,1205,['\n        '],['2019-09-20(美国)'],杰森·卡贝尔,['\n        '],与魔鬼同行 Running with the Devil,5.9,杰森·卡贝尔,100分钟,"['惊悚', '犯罪']"
145,3.3%,9.4%,52.4%,26.5%,8.4%,海莉·阿特维尔,653,['\n        '],"['2019-01-27(圣丹斯电影节)', '2019-08-09(英国)']",顾伦德·查达哈,[' '],光盲青春 Blinded by the Light,6.5,顾伦德·查达哈,114分钟(圣丹斯电影节),"['剧情', '喜剧', '歌舞', '传记']"
146,1.7%,9.0%,41.0%,36.3%,11.9%,张涵予,334612,['\n        '],['2019-09-30(中国大陆)'],刘伟强,['\n        '],中国机长,7.0,于勇敢,111分钟,"['剧情', '灾难']"
147,5.1%,18.1%,45.7%,23.7%,7.3%,吴京,186884,['\n        '],['2019-09-30(中国大陆)'],李仁港,['\n        '],攀登者,6.2,阿来,125分钟,"['剧情', '爱情', '冒险']"
148,1.0%,7.0%,43.6%,34.1%,14.3%,野岛健儿,1730,['\n        '],['2019-01-25(日本)'],盐谷直义,['\n        '],心理测量者SS1：罪与罚 PSYCHO-PASS サイコパス Sinners of the System Case.1「罪と罰」,7.1,吉上亮,59分钟,"['动作', '动画', '犯罪']"
149,2.8%,18.0%,56.7%,18.8%,3.7%,波伊德·霍布鲁克,3015,['\n        '],"['2019-09-21(奥斯汀奇幻电影节)', '2019-09-27(美国)']",吉姆·米可,[' '],月影杀痕 In the Shadow of the Moon,6.1,Gregory Weidman,115分钟,"['科幻', '悬疑', '惊悚', '犯罪']"
150,0.7%,4.0%,32.3%,43.6%,19.4%,汪可盈,13154,['\n        '],"['2019-10-01(中国大陆)', '2019-09-07(多伦多电影节)', '2019-09-27(美国)']",吉尔·卡尔顿,['\n        '],雪人奇缘 Abominable,7.5,吉尔·卡尔顿,97分钟,"['喜剧', '动画', '冒险']"
151,8.0%,36.5%,41.2%,10.0%,4.3%,Justin Salinger,382,['\n        '],['2019-04-19(英国)'],西蒙·鲁梅莱,['\n        '],伦敦往事 Once Upon a Time in London,5.3,Will Gilbey,111分钟,['犯罪']
152,2.1%,5.8%,31.0%,44.0%,17.0%,拉宾娜·米特威斯卡,477,['\n        '],['2019-02-10(柏林电影节)'],缇奥娜·斯特鲁加·米特威斯卡,['\n        '],"上帝存在，她叫佩特鲁尼娅 Gospod postoi, imeto i' e Petrunija",7.4,缇奥娜·斯特鲁加·米特威斯卡,100分钟,['剧情']
153,2.2%,10.9%,61.0%,18.9%,6.9%,李·佩斯,539,['\n        '],"['2018-09-08(威尼斯电影节)', '2019-08-16(美国)']",尼克·哈姆,['\n        '],失控 Driven,6.3,科林·贝特曼,108分钟,"['剧情', '传记']"
154,1.6%,10.3%,61.2%,24.1%,2.8%,乌戈·席尔瓦,510,['\n        '],['2018(西班牙)'],科尔多·塞拉,['\n        '],逆转劫局 70 Binladens,6.3,哈维尔·艾塔尼,100分钟,['惊悚']
155,2.6%,15.3%,56.6%,17.3%,8.1%,Kate Drummond,403,['\n        '],['2019-02-09(美国猛犸电影节)'],Thomas Michael,['\n        '],居无定所 Secrets in a Small Town,6.3,保罗·曼奇尼,93分钟,"['剧情', '惊悚']"
156,2.6%,7.1%,48.9%,29.7%,11.7%,杰瑞米·艾恩斯,317,['\n        '],['2018-08-31(美国)'],斯蒂夫·克拉克,['\n        '],演员的自我修养 An Actor Prepares,6.8,托马斯·墨菲特,97分钟,['喜剧']
157,0.4%,2.3%,20.8%,54.7%,21.9%,朴智厚,5005,['\n        '],['2018-10-06(釜山电影节)'],金宝拉,['\n        '],蜂鸟 벌새,7.9,金宝拉,139分钟,"['剧情', '爱情']"
158,11.8%,20.6%,46.1%,14.7%,6.9%,陈楚洹,438,['\n        '],['2019-09-08(中国大陆)'],海艇,['\n        '],说谎者游戏,5.7,海艇,75分钟,"['剧情', '喜剧', '悬疑']"
159,5.0%,22.7%,55.4%,13.1%,3.7%,罗姗妮·麦琪,2060,['\n        '],['2019-09-24(美国)'],迈克尔·巴塞特,['\n        '],局内人2 Inside Man: Most Wanted,5.8,Brian Brightly,105分钟,['动作']
160,0.3%,4.8%,34.5%,44.4%,16.0%,罗德里戈·桑托罗,453,['\n        '],['2018-01-19(圣丹斯电影节)'],罗德里戈·巴鲁索 ,['\n        '],翻译家 Un Traductor,7.4,Lindsay Gossling,108分钟,['剧情']
161,0.4%,2.5%,29.0%,51.4%,16.7%,Victoria Miroshnichenko,1979,['\n        '],['2019-05-16(戛纳电影节)'],康捷米尔·巴拉戈夫,['\n        '],高个儿 Дылда,7.6,康捷米尔·巴拉戈夫,134分钟,['剧情']
162,0.9%,3.3%,31.4%,45.7%,18.7%,科林·摩根,1753,['\n        '],"['2018-10-19(伦敦电影节)', '2019-03-15(英国)']",西蒙·阿姆斯特尔,['\n        '],本杰明 Benjamin,7.6,西蒙·阿姆斯特尔,85分钟,"['喜剧', '爱情', '同性']"
163,5.1%,23.7%,49.4%,17.8%,4.1%,郑明洋,2520,['\n        '],['2019-09-20(中国大陆)'],韦恩,['\n        '],金陵神捕,5.8,怪异君,102分钟,"['悬疑', '古装']"
164,1.9%,4.3%,39.0%,45.1%,9.8%,莎拉·格林,711,['\n        '],"['2018-10-12(爱尔兰)', '2019-07-19(美国)']",帕蒂·布莱斯纳奇,['\n        '],罗茜 Rosie,7.1,Roddy Doyle,86分钟,['剧情']
165,5.3%,10.8%,42.8%,29.3%,11.8%,唐国强,19467,['\n        '],['2019-09-20(中国大陆)'],黄建新,['\n        '],决胜时刻,6.6,何冀平,140分钟,"['剧情', '传记', '历史']"
166,2.7%,1.1%,12.7%,37.9%,45.7%,松山研一,729,['\n        '],['2019-05-24(日本)'],今石洋之,['\n        '],普罗米亚 プロメア,8.5,中岛一树,111分钟,"['剧情', '科幻', '动画']"
167,1.3%,5.0%,32.8%,45.4%,15.5%,夏帆,448,['\n        '],"['2019-03-18(中国香港国际电影节)', '2019-10-11(日本)']",箱田优子,['\n        '],在蓝色时分飞翔 ブルーアワーにぶっ飛ばす,7.4,箱田优子,92分钟,['剧情']
168,2.0%,10.4%,38.9%,36.6%,12.2%,布拉德·皮特,10790,['\n        '],"['2019-12-05(中国大陆)', '2019-08-29(威尼斯电影节)', '2019-09-20(美国)']",詹姆斯·格雷,['\n        '],星际探索 Ad Astra,6.9,詹姆斯·格雷,124分钟,"['科幻', '悬疑', '冒险']"
169,2.5%,16.4%,49.1%,22.9%,9.1%,永野芽郁,999,['\n        '],['2019-03-15(日本)'],月川翔,['\n        '],你在月夜里闪耀光辉 君は月夜に光り輝く,6.4,月川翔,101分钟,"['剧情', '爱情']"
170,2.2%,15.5%,53.5%,20.4%,8.4%,安吉拉·金赛,1907,['\n        '],['2019-09-13(美国)'],恩辛哈·斯图尔特,['\n        '],女孩我最高 Tall Girl,6.3,萨姆·沃尔夫森,101分钟,['喜剧']
171,1.9%,7.7%,49.4%,33.7%,7.4%,Danny Keogh,372,['\n        '],['2018-05-14(戛纳电影节)'],艾蒂安·卡洛斯,['\n        '],收割者 Die Stropers,6.7,艾蒂安·卡洛斯,106分钟,"['剧情', '同性']"
172,0.5%,2.2%,19.9%,43.8%,33.6%,马修·古迪,7344,['\n        '],"['2019-12-13(中国大陆)', '2019-09-13(英国)']",迈克尔·恩格勒,['\n        '],唐顿庄园 Downton Abbey,8.2,朱利安·费罗斯,122分钟,['剧情']
173,2.2%,9.7%,51.2%,28.5%,8.4%,克里斯蒂昂·克拉维埃,1466,['\n        '],['2019-01-30(法国)'],菲利普∙德∙肖伏隆,['\n        '],岳父岳母真难当2 Qu'est-ce qu'on a encore fait au Bon Dieu?,6.6,盖伊·洛朗,99分钟,['喜剧']
174,2.3%,13.5%,61.7%,19.3%,3.2%,小林薰,424,['\n        '],"['2018-10-05(釜山电影节)', '2019-01-18(日本)']",广濑奈奈子,['\n        '],黎明 夜明け,6.1,广濑奈奈子,113分钟,['剧情']
175,1.2%,5.7%,32.6%,38.7%,21.8%,西尔维斯特·史泰龙,9770,['\n        '],"['2019-09-18(印度尼西亚)', '2019-09-20(美国)', '2019-09-27(西班牙)']",阿德里安·格鲁伯格,['\n        '],第一滴血5：最后的血 Rambo: Last Blood,7.5,马修·西鲁尼克,89分钟,"['动作', '惊悚', '冒险']"
176,1.3%,11.4%,56.8%,24.8%,5.8%,吴恬敏,4714,['\n        '],"['2019-09-07(多伦多电影节)', '2019-09-13(美国)']",劳伦·斯卡法莉娅,['\n        '],舞女大盗 Hustlers,6.4,劳伦·斯卡法莉娅,110分钟,"['剧情', '喜剧', '犯罪']"
177,8.5%,35.9%,39.7%,12.6%,3.3%,池松壮亮,969,['\n        '],"['2018-09-07(威尼斯电影节)', '2018-11-24(日本)']",冢本晋也,['\n        '],斩、 斬、,5.3,冢本晋也,80分钟,"['剧情', '动作']"
178,0.8%,2.9%,17.3%,41.9%,37.2%,小林由美子,2774,['\n        '],['2019-04-19(日本)'],桥本昌和,['\n        '],蜡笔小新：新婚旅行飓风之遗失的野原广志 映画クレヨンしんちゃん 新婚旅行ハリケーン ～失われたひろし～,8.2,上野贵美子,100分钟,"['喜剧', '动画', '儿童']"
179,4.9%,12.4%,33.9%,30.0%,18.9%,梅兰妮·马丁内兹,1282,['\n        '],['2019-09-06(美国)'],梅兰妮·马丁内兹,[' '],爱哭鬼上学记 K-12,6.9,梅兰妮·马丁内兹,96分钟,"['恐怖', '音乐', '歌舞', '奇幻']"
180,12.3%,33.5%,38.5%,12.5%,3.2%,格温多兰·克里斯蒂,955,['\n        '],"['2018-09-13(多伦多电影节)', '2019-06-28(英国)']",彼得·斯崔克兰德,['\n        '],织物 In Fabric,5.2,彼得·斯崔克兰德,118分钟,"['喜剧', '恐怖']"
181,1.4%,12.2%,54.1%,26.7%,5.6%,岸部一德,642,['\n        '],"['2018-10-28(东京电影节)', '2018-11-16(日本)']",野尻克己,['\n        '],铃木家的谎言 鈴木家の嘘,6.5,野尻克己,133分钟,['喜剧']
182,3.1%,15.3%,57.2%,18.1%,6.3%,施拉达·卡普尔,390,['\n        '],['2018-08-31(印度/美国)'],Amar Kaushik,['\n        '],鬼娘子 Stree,6.2,拉杰·尼迪莫卢,128分钟,['恐怖']
183,1.0%,8.1%,40.7%,37.3%,12.8%,杰玛·阿特登,1678,['\n        '],"['2018-09-11(多伦多电影节)', '2019-07-05(英国/爱尔兰)']",钱亚·波顿,[' '],薇塔与弗吉尼亚 Vita and Virginia,7.1,艾琳·阿特金斯,110分钟,"['剧情', '爱情', '同性', '传记']"
184,0.3%,2.7%,25.0%,48.6%,23.3%,瑞恩·弗莱彻,389,['\n        '],['2019-01-24(鹿特丹电影节)'],布莱恩·威尔许,['\n        '],狂躁节拍 Beats,7.8,布莱恩·威尔许,101分钟,"['剧情', '音乐']"
185,0.5%,4.0%,35.7%,43.7%,16.1%,栗田贯一,449,['\n        '],['2019-01-25(日本)'],川越淳,[' '],鲁邦三世：再见搭档 ルパン三世 グッバイ・パートナー,7.4,秦建日子,96分钟,"['剧情', '动作', '动画', '冒险']"
186,2.3%,9.7%,54.2%,26.8%,7.1%,崔维斯·费米尔,396,['\n        '],['2019-03-15(美国)'],马克·斯蒂文·约翰逊,['\n        '],寻找斯蒂夫·麦昆 Finding Steve McQueen,6.5,Ken Hixon,90分钟,['惊悚']
187,13.4%,35.0%,38.9%,9.7%,2.9%,彭昱畅,74657,['\n        '],['2019-09-12(中国大陆)'],田羽生,['\n        '],小小的愿望,5.1,田羽生,107分钟,"['剧情', '喜剧']"
188,2.1%,2.1%,9.3%,30.0%,56.5%,艾米利亚·舒勒,574,['\n        '],['2019-07-04(德国)'],马丁·施莱尔,['\n        '],梦工厂 Traumfabrik,8.7,阿兰德·雷默斯,128分钟,"['喜剧', '爱情']"
189,0.8%,7.8%,48.2%,31.1%,12.0%,马克·杜普拉斯,434,['\n        '],['2019-02-01(圣丹斯电影节)'],亚历克斯·莱曼,['\n        '],患难兄弟情 Paddleton,6.9,亚历克斯·莱曼,89分钟(圣丹斯电影节),['剧情']
190,15.4%,32.7%,32.7%,11.5%,7.7%,王迅,531,['\n        '],['2019-01-11(中国大陆)'],杨真,['\n        '],灵魂的救赎,5.3,李西闽,90分钟,['剧情']
191,0.8%,1.0%,33.8%,48.6%,15.9%,朗贝尔·维尔森,482,['\n        '],['2017-12-27(法国)'],马尔克·杜甘,['\n        '],皇室风波 L'échange des princesses,7.6,马尔克·杜甘,100分钟,"['剧情', '历史']"
192,3.5%,20.9%,56.1%,14.8%,4.6%,高桥一生,1840,['\n        '],['2019-03-01(日本)'],山本透,['\n        '],直到遇见九月之恋 九月の恋と出会うまで,5.9,草野翔吾,105分钟,"['爱情', '奇幻']"
193,1.9%,9.9%,44.6%,32.8%,10.8%,基特·哈灵顿,1917,['\n        '],['2018-09-10(多伦多电影节)'],泽维尔·多兰,['\n        '],约翰·多诺万的死与生 The Death And Life of John F. Donovan,6.8,泽维尔·多兰,127分钟,['剧情']
194,1.2%,23.9%,56.6%,15.0%,3.2%,戴夫·帕特尔,434,['\n        '],['2018-09-08(多伦多电影节)'],迈克尔·温特伯顿,['\n        '],婚礼客人 The Wedding Guest,5.9,迈克尔·温特伯顿,94分钟,['剧情']
195,3.5%,4.1%,28.9%,40.8%,22.8%,悠木碧,1385,['\n        '],['2019-02-08(日本)'],上村泰,[' '],幼女战记 剧场版 幼女戦記 劇場版,7.5,猪原健太,98分钟,"['剧情', '动画', '战争', '冒险']"
196,3.2%,19.1%,50.6%,20.8%,6.3%,王志文,12008,['\n        '],['2019-09-06(中国大陆)'],徐顺利,['\n        '],最长一枪,6.2,邱欣宇,125分钟,"['剧情', '动作']"
197,3.0%,15.0%,49.7%,24.7%,7.6%,詹姆斯·麦卡沃伊,27047,['\n        '],['2019-09-06(美国)'],安德斯·穆斯切蒂,['\n        '],小丑回魂2 It: Chapter Two,6.4,加里·多伯曼,169分钟,"['剧情', '恐怖']"
198,8.0%,31.4%,39.4%,17.8%,3.5%,伊丽莎白·莫斯,345,['\n        '],"['2018-09-09(多伦多电影节)', '2019-04-12(美国)']",亚历克斯·罗斯·派瑞,['\n        '],她的气味 Her Smell,5.5,亚历克斯·罗斯·派瑞,134分钟,"['剧情', '音乐']"
199,0.6%,5.7%,48.6%,36.1%,9.0%,法布莱斯·鲁奇尼,650,['\n        '],['2019-03-06(法国)'],雷米·贝占松,['\n        '],神秘的亨利·皮克 Le mystère Henri Pick,6.9,雷米·贝占松,100分钟,"['剧情', '喜剧']"
200,1.1%,5.1%,37.9%,41.9%,14.0%,郑秀文,18985,['\n        '],"['2019-09-06(中国大陆)', '2019-09-12(香港)']",麦曦茵,['\n        '],花椒之味,7.3,麦曦茵,118分钟,"['剧情', '家庭']"
201,0.7%,4.7%,40.3%,41.4%,12.9%,凯特·布兰切特,2808,['\n        '],['2019-08-16(美国)'],理查德·林克莱特,['\n        '],"伯纳黛特你去了哪 Where'd You Go, Bernadette",7.2,理查德·林克莱特,109分钟,"['剧情', '喜剧']"
202,1.6%,4.0%,49.1%,34.9%,10.4%,米歇尔·邦纳德,461,['\n        '],"['2018-08-05(洛迦诺电影节)', '2019-03-08(英国)']",理查德·比灵甘,['\n        '],雷和莉兹 Ray & Liz,7.0,理查德·比灵甘,108分钟,['剧情']
203,1.7%,6.5%,49.2%,31.1%,11.4%,托尼·塞尔维洛,772,['\n        '],['2018-09-13(意大利)'],保罗·索伦蒂诺,['\n        '],他们(国际版) Loro,6.9,保罗·索伦蒂诺,150分钟,['剧情']
204,0.6%,5.2%,38.8%,41.8%,13.8%,弗洛里安·大卫·菲茨,3411,['\n        '],['2018-12-06(德国)'],弗洛里安·大卫·菲茨,['\n        '],一百样东西 100 Dinge,7.3,弗洛里安·大卫·菲茨,111分钟(德国),['喜剧']
205,0.6%,2.5%,18.4%,42.5%,36.0%,山新,273386,['\n        '],"['2019-09-07(中国大陆)', '2019-08-27(大规模点映)']",木头,['\n        '],罗小黑战记,8.2,木头,101分钟,"['动作', '动画', '奇幻']"
206,0.8%,1.2%,9.4%,35.2%,53.4%,杰昆·菲尼克斯,363991,['\n        '],"['2019-08-31(威尼斯电影节)', '2019-10-04(美国)']",托德·菲利普斯,['\n        '],小丑 Joker,8.8,托德·菲利普斯,122分钟,"['剧情', '惊悚', '犯罪']"
207,8.2%,26.9%,48.1%,12.8%,4.1%,吉约姆·卡内,541,['\n        '],['2018-09-19(法国)'],赛德里克·安热,['\n        '],爱是一场盛宴 L'amour est une fête,5.6,赛德里克·安热,118分钟,['喜剧']
208,2.4%,14.7%,55.6%,20.8%,6.5%,朴叙俊,9349,['\n        '],['2019-07-31(韩国)'],金周焕,['\n        '],阴曹使者 사자,6.3,金周焕,129分钟,"['动作', '恐怖']"
209,2.8%,11.3%,46.3%,31.8%,7.8%,玛雅·厄斯金,645,['\n        '],['2019-06-14(美国)'],杰夫·陈,['\n        '],结伴婚礼 Plus One,6.6,杰夫·陈,99分钟,"['剧情', '喜剧', '爱情']"
210,11.7%,36.9%,38.3%,10.3%,2.9%,梁家辉,22093,['\n        '],['2019-08-30(中国大陆)'],梁家辉,['\n        '],深夜食堂,5.1,周隼,90分钟,['剧情']
211,3.7%,14.8%,44.0%,29.4%,8.2%,奥诺·斯温顿·伯恩,772,['\n        '],"['2019-01-27(圣丹斯电影节)', '2019-05-17(美国)']",乔安娜·霍格,['\n        '],纪念品 The Souvenir,6.5,乔安娜·霍格,119分钟,"['剧情', '爱情', '悬疑']"
212,1.0%,4.6%,31.6%,39.8%,23.1%,小林星兰,1006,['\n        '],"['2018-06-11(安锡动画电影节)', '2018-09-21(日本)']",高坂希太郎,['\n        '],小学生老板娘 若おかみは小学生！,7.6,令丈裕子,95分钟,"['动画', '家庭']"
213,14.4%,28.1%,42.8%,10.9%,3.8%,斋藤工,403,['\n        '],['2019-04-05(日本)'],白石和弥,['\n        '],麻雀放浪记2020 麻雀放浪記2020,5.2,佐藤佐吉,117分钟,"['剧情', '科幻']"
214,1.5%,6.0%,42.0%,42.8%,7.7%,朱丽·沃特斯,645,['\n        '],"['2018-09-08(多伦多电影节)', '2019-04-12(英国)']",汤姆·哈伯,['\n        '],野玫瑰 Wild Rose,7.0,妮可·泰勒,100分钟,"['剧情', '音乐']"
215,1.0%,9.0%,51.5%,30.7%,7.9%,马捷·泽姆吉奇,753,['\n        '],['2018-09-07(多伦多电影节)'],达科·斯坦特,['\n        '],后果 Posledice,6.7,达科·斯坦特,95分钟,"['剧情', '同性', '犯罪']"
216,2.0%,12.7%,51.3%,26.0%,8.1%,神木隆之介,1817,['\n        '],['2019-02-15(日本)'],三木孝浩,['\n        '],福尔图娜之瞳 フォルトゥナの瞳,6.5,坂口理子,111分钟,"['剧情', '爱情', '奇幻']"
217,1.7%,11.4%,58.5%,23.0%,5.3%,杰拉德·巴特勒,11005,['\n        '],['2019-08-23(美国)'],里克·罗曼·沃夫,['\n        '],天使陷落 Angel Has Fallen,6.4,凯特琳·贝内迪克特,121分钟,"['动作', '惊悚', '犯罪']"
218,3.1%,14.4%,48.6%,27.1%,6.8%,乔纳斯·达斯勒,2739,['\n        '],['2019-02-09(柏林电影节)'],法提赫·阿金,['\n        '],金手套 Der Goldene Handschuh,6.4,法提赫·阿金,110分钟,"['剧情', '惊悚', '犯罪']"
219,0.5%,3.0%,31.1%,48.8%,16.6%,曹政奭,79489,['\n        '],['2019-07-31(韩国)'],李相槿,['\n        '],极限逃生 엑시트,7.6,李相槿,103分钟,"['喜剧', '动作', '灾难']"
220,3.0%,18.2%,59.6%,15.3%,4.0%,亨利·卡维尔,1721,['\n        '],"['2018-09-28(洛杉矶电影节)', '2019-09-06(美国)']",大卫·雷蒙德,['\n        '],夜幕猎人 Night Hunter,6.0,大卫·雷蒙德,98分钟,"['动作', '惊悚']"
221,1.8%,10.0%,51.3%,26.9%,10.0%,杰基·韦佛,503,['\n        '],['2019-05-10(美国)'],扎拉·海斯,['\n        '],老太啦啦队 Poms,6.7,沙恩·阿特金森,91分钟,['喜剧']
222,5.6%,14.3%,45.5%,18.7%,15.9%,克丽丝·梅斯,467,['\n        '],['2019-04-17(美国)'],罗克珊·道森,['\n        '],不可能的事 Breakthrough,6.5,格兰特·尼波特,116分钟,"['剧情', '传记']"
223,2.3%,18.6%,56.2%,20.3%,2.6%,大鹏,21888,['\n        '],"['2019-08-30(中国大陆)', '2019-06-21(上海电影节)']",甘剑宇,['\n        '],铤而走险,6.0,李萌,103分钟,"['剧情', '犯罪']"
224,8.2%,17.8%,47.3%,18.9%,7.8%,塔拉·斯特朗,330,['\n        '],['2018-04-20(西班牙)'],罗斯·维诺库尔,['\n        '],白马王子 Charming,6.0,罗斯·维诺库尔,90分钟,"['喜剧', '动画']"
225,1.7%,8.8%,48.2%,33.2%,8.2%,萨玛拉·维文,22917,['\n        '],['2019-08-21(美国)'],马特·贝蒂内利-奥尔平,['\n        '],准备好了没 Ready or Not,6.7,盖伊·比尤西克,95分钟,"['悬疑', '惊悚', '恐怖']"
226,28.6%,21.4%,23.2%,14.3%,12.5%,彭禺厶,611,['\n        '],['2018-09-05(中国大陆)'],彭禺厶,['\n        '],御龙修仙传,5.2,彭禺厶,85分钟,"['奇幻', '古装']"
227,0.8%,6.1%,39.8%,40.5%,12.9%,雅各布·特伦布莱,11606,['\n        '],['2019-08-16(美国)'],吉恩·斯图普尼兹基,['\n        '],好小子们 Good Boys,7.2,李·艾森伯格,90分钟,"['喜剧', '儿童', '冒险']"
228,2.3%,11.0%,56.5%,22.3%,7.9%,阿米达普·巴强,700,['\n        '],['2019-03-08(印度)'],苏乔伊·高什,['\n        '],复仇 Badla,6.4,奥里奥尔·保罗,120分钟,['惊悚']
229,6.8%,24.9%,46.7%,14.9%,6.7%,上白石萌音,1702,['\n        '],['2019-03-21(日本)'],川村泰祐,['\n        '],邻居同居2 L・DK ひとつ屋根の下、『スキ』がふたつ。,5.8,江头美智留 ,107分钟,['爱情']
230,2.4%,9.7%,42.9%,35.2%,9.8%,吉米·费尔斯,697,['\n        '],"['2019-01-26(圣丹斯电影节)', '2019-06-07(美国)']",乔·塔尔博,['\n        '],旧金山的最后一个黑人 The Last Black Man in San Francisco,6.8,乔·塔尔博,120分钟,['剧情']
231,6.6%,34.0%,46.8%,10.5%,2.2%,周迅,43261,['\n        '],['2019-08-23(中国大陆)'],周可,['\n        '],保持沉默,5.4,周可,96分钟,"['剧情', '悬疑']"
232,1.3%,5.8%,41.6%,40.1%,11.3%,吉娜·马隆,485,['\n        '],['2018-01-31(圣芭芭拉电影节)'],艾米利奥·艾斯特维兹,['\n        '],良知堡垒 The Public,7.1,艾米利奥·艾斯特维兹,119分钟,['剧情']
233,0.7%,3.9%,31.3%,43.9%,20.1%,泽城美雪,1225,['\n        '],['2019-05-31(日本)'],小池健,['\n        '],鲁邦三世·峰不二子的谎言 LUPIN THE IIIRD 峰不二子の嘘,7.6,高桥悠也,58分钟,['动画']
234,0.6%,2.1%,15.1%,45.1%,37.0%,诺米·梅兰特,1275,['\n        '],"['2019-05-19(戛纳电影节)', '2019-09-18(法国)']",瑟琳·席安玛,['\n        '],燃烧女子的肖像 Portrait de la jeune fille en feu,8.3,瑟琳·席安玛,120分钟,"['剧情', '爱情', '历史']"
235,0.5%,1.1%,18.2%,49.0%,31.2%,布鲁诺·萨拉曼,7045,['\n        '],"['2019-08-23(中国大陆)', '2018-06-21(法国)']",海琳·吉罗,['\n        '],昆虫总动员2——来自远方的后援军 Minuscule 2 -  Les mandibules du bout du monde,8.2,海琳·吉罗,91分钟,['动画']
236,0.6%,3.3%,34.3%,48.2%,13.6%,卡洛斯·阿科斯塔,445,['\n        '],"['2018-09-23(圣塞巴斯蒂安电影节)', '2018-12-14(西班牙)']",伊西亚尔·博利亚因,['\n        '],尤利 Yuli,7.4,保罗·拉弗蒂,115分钟,"['剧情', '音乐', '传记']"
237,6.5%,26.8%,39.8%,19.5%,7.3%,Kylr Coffman,293,['\n        '],['2019-06-30(台北电影节)'],王崑琳,['\n        '],世外之子 Obscure,5.9,王崑琳,92分钟,['剧情']
238,11.5%,14.1%,42.3%,20.5%,11.5%,杨璐,339,['\n        '],['2018-10-15(中国大陆)'],殷玉洲,['\n        '],沿海出发,6.1,殷玉洲,115分钟,"['剧情', '家庭']"
239,4.4%,14.7%,49.6%,26.1%,5.1%,迈克尔·比奇,336,['\n        '],['2018-10-12(美国)'],尼克·瑟西,['\n        '],戈斯内尔：美国连环杀手 Gosnell: America's Biggest Serial Killer,6.3,安德鲁·克拉万,93分钟,"['剧情', '犯罪']"
240,3.9%,14.5%,54.5%,20.6%,6.5%,金香起,366,['\n        '],"['2018-10(釜山电影节)', '2018-11-12(韩国)']",车成德,['\n        '],英珠 영주,6.2,车成德,100分钟,['剧情']
241,1.9%,10.8%,54.6%,26.8%,6.0%,黛安·克鲁格,1366,['\n        '],['2019-02-10(柏林电影节)'],尤瓦尔·阿德勒,['\n        '],女特工 The Operative,6.5,尤瓦尔·阿德勒,116分钟,['惊悚']
242,2.0%,11.6%,46.5%,29.3%,10.5%,任达华,23508,['\n        '],"['2019-08-15(中国香港)', '2019-09-20(中国大陆)']",罗永昌,['\n        '],小Q,6.7,陈淑贤,107分钟,['剧情']
243,1.1%,9.2%,55.4%,25.3%,9.0%,安吉拉·贝塞特,668,['\n        '],['2019-08-02(美国)'],辛迪·翠派克,['\n        '],异地母子情 Otherhood,6.6,马克·安德勒斯 ,100分钟,['喜剧']
244,1.2%,4.2%,35.4%,46.7%,12.6%,杰西·艾森伯格,6729,['\n        '],"['2019-03-10(西南偏南电影节)', '2019-07-12(美国)']",莱利·斯特恩斯,['\n        '],自卫的艺术 The Art of Self-Defense,7.3,莱利·斯特恩斯,104分钟,['喜剧']
245,20.4%,22.2%,30.9%,12.3%,14.2%,柯南·何裴,1166,['\n        '],['2019-08-08(中国大陆)'],王冀邢,['\n        '],红星照耀中国,5.6,汤溪,109分钟,"['历史', '战争']"
246,0.7%,5.9%,44.2%,37.7%,11.6%,杰森·苏戴奇斯,24178,['\n        '],"['2019-08-16(中国大陆)', '2019-08-14(美国)']",图鲁普·范·奥尔曼,['\n        '],愤怒的小鸟2 The Angry Birds Movie 2,7.1,彼得·阿克曼,96分钟,"['喜剧', '动画', '冒险']"
247,18.8%,28.9%,37.5%,10.2%,4.6%,Christopher Rygh,367,['\n        '],"['2018-10-06(Sitges Film Festival)', '2019-04-05(美国)']",Jordan Downey,['\n        '],猎头武士 The Head Hunter,5.1,Kevin Stewart,72分钟,"['恐怖', '奇幻']"
248,2.5%,17.5%,46.0%,26.7%,7.4%,阿莉雅·肖卡特,338,['\n        '],"['2018-01-21(圣丹斯电影节)', '2018-08-17(美国)']",伊桑·霍克,['\n        '],留住心醉一首歌 Blaze,6.4,伊桑·霍克,127分钟,"['剧情', '音乐', '传记']"
249,2.9%,17.6%,56.4%,18.7%,4.4%,佐伊·玛格丽特·科莱蒂,9722,['\n        '],['2019-08-09(美国)'],安德烈·艾弗道夫,['\n        '],在黑暗中讲述的恐怖故事 Scary Stories to Tell in the Dark,6.1,约翰·奥古斯特,108分钟,['恐怖']
250,10.4%,32.0%,43.5%,8.9%,5.2%,艾玛·罗伯茨,1274,['\n        '],"['2019-10-13(中国大陆)', '2019-05-03(美国)']",凯利·阿斯博瑞,[' '],丑娃娃 UglyDolls,5.3,大卫·霍瓦特,87分钟,"['喜剧', '动画', '奇幻', '冒险']"
251,1.3%,8.2%,51.9%,30.3%,8.3%,卡西·阿弗莱克,897,['\n        '],"['2019-02-08(柏林电影节)', '2019-08-09(美国)']",卡西·阿弗莱克,['\n        '],我的生命之光 Light of My Life,6.7,卡西·阿弗莱克,119分钟,['剧情']
252,0.4%,6.3%,44.7%,37.5%,11.1%,文森特·拉科斯特,670,['\n        '],['2018-09-12(法国)'],托马斯·利蒂,['\n        '],大学一年级 Première année,7.1,托马斯·利蒂,92分钟,"['剧情', '喜剧']"
253,1.4%,5.6%,42.3%,36.7%,14.0%,杰米·贝尔,1384,['\n        '],"['2018-09-08(多伦多电影节)', '2019-07-26(美国)']",盖·纳蒂弗,['\n        '],皮肤 Skin,7.1,盖·纳蒂弗,110分钟,['剧情']
254,0.3%,1.3%,27.0%,50.3%,21.1%,托马·索利韦尔,716,['\n        '],"['2018-08-22(法国昂古莱姆电影节)', '2019-01-09(法国)']",亚力克西斯·马沙利克,['\n        '],埃德蒙 Edmond,7.8,亚力克西斯·马沙利克,110分钟,"['剧情', '喜剧']"
255,7.7%,31.6%,46.6%,12.1%,2.1%,克莱尔·弗兰妮,381,['\n        '],['2019-02-01(美国)'],维克特·加西亚,['\n        '],致命出轨 An Affair to Die For,5.4,埃利奥特·桑,82分钟,['惊悚']
256,0.6%,7.0%,41.4%,36.9%,14.0%,宝音尼木胡,570,['\n        '],"['2018-12-19(中国大陆)', '2018-10-14(平遥国际电影展)']",杨瑾,['\n        '],片警宝音,7.1,曹寇,97分钟,['剧情']
257,1.4%,10.5%,61.7%,24.1%,2.4%,盖尔·加西亚·贝纳尔,351,['\n        '],"['2018-02-22(柏林电影节)', '2018-08-23(墨西哥)']",阿隆索·帕拉西奥斯,['\n        '],博物馆 Museo,6.3,阿隆索·帕拉西奥斯,128分钟,"['剧情', '犯罪']"
258,6.4%,14.5%,49.1%,21.4%,8.6%,阿克谢·库玛尔,820,['\n        '],['2019-03-21(印度)'],安劳格·辛格,['\n        '],凯萨里 Kesari,6.2,吉里什·科赫利,150分钟,"['历史', '战争']"
259,6.9%,24.8%,42.9%,18.1%,7.3%,K·J·阿帕,394,['\n        '],['2019-05-03(美国)'],威廉·宾德利,['\n        '],告别高中的夏天 The Last Summer,5.9,斯科特·宾德利,109分钟,['喜剧']
260,1.2%,6.6%,38.0%,42.2%,11.9%,姚晨,118146,['\n        '],"['2019-08-16(中国大陆)', '2019-06-17(上海电影节)']",滕丛丛,['\n        '],送我上青云,7.1,滕丛丛,99分钟,['剧情']
261,6.7%,26.9%,44.2%,15.9%,6.3%,尼古拉斯·凯奇,1280,['\n        '],['2019-08-02(美国)'],古桑,['\n        '],报仇雪恨 A Score To Settle,5.8,克里斯蒂安·斯韦加尔,103分钟,"['剧情', '动作', '惊悚']"
262,3.5%,18.2%,52.4%,18.8%,7.0%,娜奥米·沃茨,566,['\n        '],"['2018-01-22(圣丹斯电影节)', '2019-06-28(美国)']",克莱尔·麦卡锡,['\n        '],奥菲莉娅 Ophelia,6.2,塞米·切拉斯,114分钟,"['剧情', '爱情']"
263,3.2%,10.9%,51.8%,26.6%,7.4%,大泉洋,953,['\n        '],['2018-12-28(日本)'],前田哲,['\n        '],三更半夜居然要香蕉 爱的真实故事 こんな夜更けにバナナかよ 愛しき実話,6.5,桥本裕志,120分钟,['剧情']
264,10.0%,24.6%,45.8%,13.0%,6.6%,艾西瓦娅·雷,361,['\n        '],['2018-08-03(印度)'],阿图尔·马尼里卡尔,['\n        '],印度巨星 Fanney Khan,5.6,杜明历·狄鲁第,130分钟,"['剧情', '喜剧', '歌舞']"
265,2.1%,5.2%,31.7%,46.9%,14.1%,海伦娜·曾格尔,878,['\n        '],"['2019-02-08(柏林电影节)', '2019-09-19(德国)']",诺拉·芬沙伊德,['\n        '],系统破坏者 Systemsprenger,7.3,诺拉·芬沙伊德,118分钟,['剧情']
266,4.6%,18.7%,53.4%,19.2%,4.2%,瓦列留·安德留察,611,['\n        '],"['2018-05-09(戛纳电影节)', '2018-08-30(德国)', '2018-09-26(法国)']",谢尔盖·洛兹尼察,['\n        '],顿巴斯 Донбас,6.0,谢尔盖·洛兹尼察,121分钟,['剧情']
267,1.8%,4.2%,47.7%,36.7%,9.5%,希拉里·斯万克,354,['\n        '],"['2018-01-21(圣丹斯电影节)', '2018-10-12(美国)']",伊丽莎白·乔姆科,['\n        '],他们有什么 What They Had,7.0,伊丽莎白·乔姆科,101分钟,['剧情']
268,4.2%,21.9%,51.0%,14.7%,8.1%,金来沅,616,['\n        '],['2019-06-19(韩国)'],姜允成,['\n        '],吾王长存 롱 리브 더 킹: 목포 영웅,6.0,柳京善,118分钟,['剧情']
269,4.1%,24.7%,54.6%,11.7%,4.8%,鲁斯蒂·沙克尔福特,5722,['\n        '],"['2019-08-30(中国大陆)', '2019-02-13(荷兰)', '2019-04-10(法国)']",文森特·凯斯特鲁特,['\n        '],女王的柯基 The Queen's Corgi,5.8,罗布·斯普拉克林,85分钟,"['喜剧', '动画']"
270,2.1%,8.6%,49.9%,32.0%,7.4%,张建声,7598,['\n        '],['2019-06-20(中国香港)'],孙立基,['\n        '],作家的谎言：笔忠诱罪 作家的謊言：筆忠誘罪,6.7,沈锡然,90分钟,['悬疑']
271,2.1%,14.8%,53.1%,24.3%,5.6%,张家辉,138496,['\n        '],['2019-08-07(中国大陆)'],文伟鸿,['\n        '],使徒行者2：谍影行动,6.3,关皓月,98分钟,"['剧情', '动作', '犯罪']"
272,4.7%,25.6%,37.2%,24.4%,8.1%,马跃,662,['\n        '],"['2019-06-16(中国大陆)', '2017-09(金鸡百花电影节)']",甘小二,['\n        '],榫卯,6.1,甘小二,101分钟,"['剧情', '家庭']"
273,2.0%,14.1%,54.5%,24.1%,5.3%,道恩·强森,166387,['\n        '],"['2019-08-23(中国大陆)', '2019-08-02(美国)']",大卫·雷奇,['\n        '],速度与激情：特别行动 Fast & Furious Presents: Hobbs & Shaw,6.3,克里斯·摩根,137分钟,"['动作', '犯罪']"
274,3.5%,23.4%,47.2%,18.4%,7.4%,卡提克·亚利安,352,['\n        '],['2018-02-23(印度)'],卢夫·兰扬,['\n        '],德里三人行 Sonu Ke Titu Ki Sweety,6.1,拉胡尔·莫迪,138分钟,['爱情']
275,3.7%,15.9%,46.8%,26.7%,6.9%,细田佳央太,741,['\n        '],['2019-06-07(日本)'],石井裕也,['\n        '],町田君的世界 町田くんの世界,6.3,片冈翔,119分钟,['剧情']
276,9.7%,28.9%,46.3%,11.9%,3.1%,岳云鹏,45091,['\n        '],"['2019-08-02(中国大陆)', '2019-06-16(上海电影节)']",束焕,['\n        '],鼠胆英雄,5.4,束焕,106分钟,['喜剧']
277,1.0%,8.6%,53.3%,28.6%,8.5%,克里斯·埃文斯,4030,['\n        '],"['2019-06-28(旧金山犹太电影节)', '2019-07-31(美国)']",吉迪恩·拉夫,['\n        '],红海潜水俱乐部 The Red Sea Diving Resort,6.7,吉迪恩·拉夫,129分钟,"['剧情', '惊悚', '历史']"
278,10.2%,30.9%,44.0%,11.6%,3.3%,张家辉,89188,['\n        '],"['2019-03-18(中国香港国际电影节)', '2019-08-16(中国大陆)', '2019-08-22(中国香港)']",雷尼·哈林,['\n        '],沉默的证人,5.3,吴孟璋,94分钟,"['动作', '犯罪']"
279,0.5%,4.4%,44.8%,42.6%,7.7%,薇薇安娜·阿普雷亚,1197,['\n        '],"['2019-02-12(柏林电影节)', '2019-02-14(意大利)']",克劳迪欧·吉瓦内斯,['\n        '],少年黑手党 La Paranza dei Bambini,7.0,毛里齐奥·布拉奇,110分钟,['剧情']
280,4.2%,13.6%,43.9%,27.1%,11.3%,黄晓明,195637,['\n        '],['2019-08-01(中国大陆)'],陈国辉,['\n        '],烈火英雄,6.6,于勇敢,120分钟,"['剧情', '灾难']"
281,3.4%,15.0%,50.8%,21.1%,9.6%,李俊昊,2639,['\n        '],['2019-07-10(韩国)'],南大中,['\n        '],妓房少爷 기방도령,6.4,南大中,110分钟,['爱情']
282,2.6%,5.9%,20.3%,34.1%,37.2%,芦田爱菜,1035,['\n        '],['2019-06-07(日本)'],渡边步,['\n        '],海兽之子 海獣の子供,8.0,五十岚大介,100分钟,"['动画', '奇幻', '冒险']"
283,18.4%,29.6%,26.0%,12.8%,13.3%,孟美岐,2063,['\n        '],['2019-07-26(中国大陆)'],袁文忠,[' '],舞出我人生之舞所不能,5.5,李威,91分钟,"['剧情', '爱情', '音乐', '歌舞']"
284,2.1%,13.3%,53.9%,23.6%,7.1%,大泉洋,1248,['\n        '],['2019-01-25(日本)'],深川荣洋,['\n        '],天空餐厅 そらのレストラン,6.4,深川荣洋,126分钟,['剧情']
285,0.5%,2.7%,34.6%,46.2%,15.9%,彭杏英,514,['\n        '],['2019-07-23(FIRST青年影展)'],黄梓,['\n        '],慕伶，一鸣，伟明,7.5,黄梓,110分钟,['剧情']
286,3.5%,9.4%,32.9%,30.6%,23.5%,任帅,533,['\n        '],['2018-04-27(中国大陆)'],高成岗,['\n        '],雪·葬,7.2,张园,105分钟,['剧情']
287,1.7%,7.3%,36.3%,42.3%,12.4%,李博光,919,['\n        '],['2019-07-21(FIRST青年影展)'],柴小雨,['\n        '],鱼乐园,7.1,柴小雨,106分钟,['剧情']
288,1.5%,5.1%,33.1%,44.6%,15.8%,莱昂纳多·迪卡普里奥,65033,['\n        '],"['2019(中国大陆)', '2019-05-21(戛纳电影节)', '2019-07-26(美国)']",昆汀·塔伦蒂诺,['\n        '],好莱坞往事 Once Upon a Time... in Hollywood,7.4,昆汀·塔伦蒂诺,165分钟,"['剧情', '喜剧']"
289,8.4%,30.6%,36.5%,16.5%,8.1%,铃木拡树,476,['\n        '],['2019-01-18(日本)'],耶云哉治,['\n        '],刀剑乱舞 电影版 映画刀剣乱舞,5.7,小林靖子,100分钟,"['动作', '历史', '奇幻']"
290,1.7%,11.4%,44.6%,31.4%,10.9%,刘陆,437,['\n        '],['2019-06-18(上海电影节)'],张翀,['\n        '],第四面墙,6.8,张翀,90分钟,['剧情']
291,1.0%,5.3%,40.3%,39.9%,13.4%,菲利普·拉肖,10517,['\n        '],"['2018-12-15(比克塞罗勒首映)', '2019-02-06(法国)']",菲利普·拉肖,['\n        '],城市猎人 Nicky Larson et le parfum de Cupidon,7.2,朱利安·阿鲁蒂,91分钟,"['喜剧', '动作', '犯罪']"
292,15.8%,33.8%,35.9%,10.8%,3.7%,艾伦,28760,['\n        '],['2019-07-26(中国大陆)'],林育贤,['\n        '],跳舞吧！大象,5.1,陈舒,114分钟,"['剧情', '喜剧']"
293,2.8%,10.6%,48.9%,27.1%,10.6%,松冈祯丞,829,['\n        '],['2019-02-15(日本)'],樱美胜志,['\n        '],在地下城寻求邂逅是否搞错了什么：俄里翁之箭 劇場版 ダンジョンに出会いを求めるのは間違っているだろうか ー オリオンの矢 ー,6.6,大森藤野,82分钟,['动画']
294,14.5%,26.1%,40.0%,13.9%,5.5%,王砚辉,524,['\n        '],"['2019-07-03(卡罗维发利国际电影节)', '2019-07-20(FIRST青年影展)']",翟义祥,['\n        '],马赛克少女,5.4,翟义祥,107分钟,"['剧情', '犯罪']"
295,1.2%,5.9%,24.3%,47.1%,21.5%,杜红军,1400,['\n        '],"['2020(中国大陆)', '2019-05-22(戛纳电影节)']",顾晓刚,['\n        '],春江水暖,7.6,顾晓刚,150分钟,['剧情']
296,0.7%,1.4%,15.4%,43.9%,38.5%,弗朗索瓦·西维尔,506,['\n        '],['2019-04-03(法国)'],雨果·热兰,['\n        '],再见钟情 Mon inconnue,8.4,雨果·热兰,118分钟,"['喜剧', '爱情']"
297,1.1%,5.2%,44.0%,36.3%,13.4%,特罗伊·贝克,1334,['\n        '],['2019-07-21(美国)'],马特·皮特斯,['\n        '],乐高DC蝙蝠侠：家族事务 LEGO DC  Batman: Family Matters,7.1,杰瑞米·亚当斯,80分钟,"['喜剧', '动画', '犯罪']"
298,5.4%,17.0%,42.9%,26.5%,8.2%,宋戴维,391,['\n        '],['2019-07-21(FIRST青年影展)'],王晶,['\n        '],长风镇,6.3,王晶,123分钟,['剧情']
299,2.7%,13.4%,55.5%,21.4%,7.0%,杰森·奥玛拉,3892,['\n        '],['2019-07-20(美国)'],贾斯汀·科普兰,[' '],蝙蝠侠：缄默 Batman: Hush,6.3,厄尼·阿特巴克,82分钟,"['动作', '科幻', '动画', '冒险']"
300,2.8%,15.5%,51.2%,24.4%,6.2%,平采娜·乐维瑟派布恩,33843,['\n        '],"['2019-09-20(中国大陆)', '2019-02-14(泰国)']",查亚诺普·布恩帕拉科布,['\n        '],友情以上 Friend Zone ระวัง..สิ้นสุดทางเพื่อน,6.3,帕塔拉纳德·比博索瓦德,120分钟,"['喜剧', '爱情']"
301,6.0%,20.9%,57.3%,11.6%,4.1%,梅根·古德,877,['\n        '],['2019-05-03(美国)'],德翁·泰勒,['\n        '],侵入者 The Intruder,5.7,戴维·朗格利,102分钟,"['剧情', '悬疑', '惊悚']"
302,0.9%,4.4%,36.0%,42.1%,16.7%,郝蕾,1485,['\n        '],['2019-06-18(上海电影节)'],杨荔钠,['\n        '],春潮,7.4,杨荔钠,124分钟,['剧情']
303,0.8%,3.8%,45.9%,40.3%,9.2%,有村架纯,995,['\n        '],['2018-11-30(日本)'],吉田康弘,['\n        '],铁道：家色 かぞくいろ RAILWAYS わたしたちの出発,7.1,吉田康弘,120分钟,['剧情']
304,2.0%,8.9%,49.5%,29.4%,10.1%,李星民,3701,['\n        '],['2019-06-26(韩国)'],李正浩,['\n        '],野兽 비스트,6.7,李正浩,130分钟,"['动作', '犯罪']"
305,3.4%,20.1%,49.5%,20.8%,6.1%,横滨流星,567,['\n        '],['2019-01-25(日本)'],川村泰祐,['\n        '],爱歌：约定的承诺 愛唄～約束のナクヒト～,6.1,GReeeeN,126分钟,['爱情']
306,6.5%,11.0%,40.2%,24.1%,18.2%,杨丞琳,430,['\n        '],['2019-03-28(中国台湾)'],周美玲,['\n        '],握三下，我爱你 握三下，我愛你,6.7,琼瑶,96分钟,"['剧情', '爱情']"
307,4.7%,14.2%,34.3%,31.4%,15.4%,新谷真弓,428,['\n        '],['2018-09-07(日本)'],本广克行,['\n        '],特别的她 Alternative 劇場版 フリクリ オルタナ,6.8,岩井秀人,135分钟,"['剧情', '科幻', '动画']"
308,0.6%,1.9%,14.0%,38.5%,45.0%,吕艳婷,1128663,['\n        '],"['2019-07-26(中国大陆)', '2019-07-13(大规模点映)']",饺子,[' '],哪吒之魔童降世,8.5,饺子,110分钟,"['剧情', '喜剧', '动画', '奇幻']"
309,6.0%,35.0%,47.7%,7.1%,4.3%,艾丽·范宁,754,['\n        '],"['2018-09-07(多伦多电影节)', '2019-04-19(美国)']",麦克思·明格拉,['\n        '],少年追梦情 Teen Spirit,5.4,麦克思·明格拉,93分钟,"['剧情', '音乐']"
310,6.2%,24.9%,46.7%,14.2%,8.0%,登坂广臣,995,['\n        '],['2019-02-01(日本)'],桥本光二郎,['\n        '],雪之华 雪の華,5.9,冈田惠和,125分钟,['爱情']
311,3.8%,15.8%,43.6%,27.1%,9.8%,麦洛·曼海姆,336,['\n        '],['2018-02-16(美国)'],保罗·霍恩,['\n        '],僵尸高校 Z-O-M-B-I-E-S,6.5,戴维·莱特,94分钟,"['爱情', '歌舞']"
312,5.6%,24.3%,53.9%,13.9%,2.3%,卡雅·斯考达里奥,35028,['\n        '],"['2019-09-12(中国大陆)', '2019-07-12(美国)']",亚历山大·阿嘉,['\n        '],巨鳄风暴 Crawl,5.7,迈克尔·拉斯姆森,87分钟,"['剧情', '惊悚', '灾难']"
313,0.9%,5.7%,32.2%,44.3%,16.9%,奥卡菲娜,17357,['\n        '],"['2019-11-22(中国大陆点映)', '2019-01-25(圣丹斯电影节)', '2019-07-12(美国)']",王子逸,['\n        '],别告诉她 The Farewell,7.4,王子逸,98分钟,"['剧情', '家庭']"
314,6.0%,18.3%,41.4%,24.2%,10.2%,邓超,236668,['\n        '],"['2019-07-18(中国大陆)', '2019-07-13(大规模点映)']",邓超,['\n        '],银河补习班,6.3,俞白眉,147分钟,['剧情']
315,3.0%,21.4%,50.4%,19.0%,6.2%,安德鲁·斯科特,433,['\n        '],"['2018-06-24(爱丁堡国际电影节)', '2019-04-19(英国)']",西蒙·法洛,['\n        '],黑暗之地 A Dark Place,6.1,布伦丹·希金斯,89分钟,"['悬疑', '惊悚']"
316,4.5%,27.9%,53.9%,10.7%,3.0%,安东尼·麦凯,1115,['\n        '],['2019-07-12(美国)'],乔·林奇,['\n        '],单刀直入(美版) Point Blank,5.6,弗雷德·卡瓦耶,86分钟,"['动作', '惊悚']"
317,4.0%,18.7%,50.7%,19.6%,6.9%,王大治,6081,['\n        '],"['2019-07-23(中国大陆)', '2018-09-01(蒙特利尔国际电影节)']",张璞,['\n        '],灰猴,6.1,张璞,98分钟,"['剧情', '喜剧', '犯罪']"
318,0.0%,3.6%,32.1%,42.3%,21.9%,让-路易·特兰蒂尼昂,343,['\n        '],['2019-05-18(戛纳电影节)'],克洛德·勒卢什,['\n        '],最美年华 Les plus belles années d'une vie,7.6,克洛德·勒卢什,90分钟,"['剧情', '爱情']"
319,2.9%,5.9%,42.9%,35.5%,12.8%,肯尼思·布拉纳,918,['\n        '],"['2018-12-21(美国点映)', '2019-02-08(英国)']",肯尼思·布拉纳,['\n        '],都是真的 All Is True,7.0,本·埃尔顿,101分钟,"['剧情', '传记', '历史']"
320,9.3%,15.6%,34.8%,20.2%,20.2%,沙鲁克·汗,388,['\n        '],['2018-12-21(印度)'],阿南德·雷,['\n        '],从零开始 ZERO,6.5,希玛斯·夏玛,164分钟,"['剧情', '喜剧', '爱情']"
321,13.4%,34.0%,37.5%,11.6%,3.5%,博·纳普,416,['\n        '],['2019-04-12(美国)'],约翰·斯托伯格,['\n        '],加密货币 Crypto,5.2,卡莱尔·尤班克,105分钟,"['剧情', '惊悚', '犯罪']"
322,6.5%,39.0%,31.2%,18.2%,5.2%,杨光普照,452,['\n        '],['2019-03-16(中国大陆)'],张立衍,['\n        '],江海渔童之巨龟奇缘,5.5,陈澄,80分钟,['动画']
323,0.7%,4.7%,36.7%,40.9%,17.1%,唐纳德·格洛弗,225700,['\n        '],"['2019-07-12(中国大陆)', '2019-07-19(美国)']",乔恩·费儒,['\n        '],狮子王 The Lion King,7.4,杰夫·内桑森,118分钟,"['剧情', '动画', '冒险']"
324,0.9%,3.1%,33.5%,50.7%,11.8%,塔拉吉·P·汉森,1673,['\n        '],['2019-04-05(美国)'],罗宾·比斯尔,['\n        '],最佳敌人 The Best of Enemies,7.4,罗宾·比斯尔,133分钟,"['剧情', '传记', '历史']"
325,2.8%,16.5%,48.6%,23.5%,8.6%,伊莎贝尔·于佩尔,522,['\n        '],['2019-04-10(法国)'],安妮·芳婷,['\n        '],白雪公主 Blanche Comme Neige,6.4,安妮·芳婷,112分钟,['喜剧']
326,1.4%,3.6%,30.1%,50.4%,14.5%,艾萨·亚森,913,['\n        '],['2018-10-29(东京电影节)'],王丽娜,['\n        '],第一次的离别,7.5,王丽娜,90分钟,['儿童']
327,21.7%,26.7%,33.3%,10.0%,8.3%,李槐龙,321,['\n        '],['2018-07-25(中国大陆)'],高成岗,['\n        '],盲侠,5.1,孟相仲,87分钟,['动作']
328,6.6%,32.2%,43.6%,12.4%,5.3%,芬蒂拉·皮皮亚克隆,1134,['\n        '],['2019-03-14(泰国)'],西蒂斯里·蒙哥西里,['\n        '],落头氏之吻 แสงกระสือ,5.6,西蒂斯里·蒙哥西里,123分钟,"['剧情', '惊悚', '奇幻']"
329,12.2%,22.0%,45.1%,15.9%,4.9%,张铎,429,['\n        '],['2018-12-14(中国大陆)'],夏晓昀,['\n        '],春天的马拉松,5.6,张忌,90分钟,['剧情']
330,6.4%,20.8%,50.9%,16.1%,5.9%,雷吉娜·赫尔,694,['\n        '],['2019-04-12(美国)'],蒂娜·戈登·奇兹姆,['\n        '],小人物 Little,5.9,崔茜·奥利弗,109分钟,['喜剧']
331,9.6%,33.0%,40.6%,9.6%,7.3%,迪·布拉雷·贝克尔,368,['\n        '],['2018-09-30(美国)'],艾尔弗雷德·希梅诺,['\n        '],漫威崛起：秘密勇士 Marvel Rising: Secret Warriors,5.4,麦格里德·斯科特,80分钟,"['动作', '科幻', '动画']"
332,10.1%,33.1%,45.2%,8.1%,3.4%,卡里斯·范·侯登,615,['\n        '],['2019-07-11(意大利)'],布莱恩·德·帕尔玛,['\n        '],多米诺骨牌 Domino,5.2,彼特·斯卡弗兰,89分钟,"['惊悚', '犯罪']"
333,2.1%,15.7%,57.8%,18.2%,6.1%,佐藤健,1291,['\n        '],['2019-02-22(日本)'],伯纳德·罗斯,['\n        '],武士马拉松 サムライマラソン,6.2,齐藤浩史,105分钟,"['剧情', '动作', '历史']"
334,4.5%,12.9%,43.5%,30.3%,8.9%,佛罗伦斯·珀,29865,['\n        '],['2019-07-03(美国)'],阿里·艾斯特,[' '],仲夏夜惊魂 Midsommar,6.5,阿里·艾斯特,147分钟,"['剧情', '悬疑', '惊悚', '恐怖']"
335,3.7%,17.3%,48.8%,27.8%,2.5%,Wanlop Rungkamjad,355,['\n        '],['2018-09-07(威尼斯电影节)'],普蒂邦·阿朗潘,['\n        '],蝠鲼 กระเบนราหู,6.2,普蒂邦·阿朗潘,105分钟,['剧情']
336,2.5%,9.9%,39.8%,35.3%,12.6%,冈田准一,11194,['\n        '],['2018-12-07(日本)'],中岛哲也,['\n        '],来了 来る,6.9,中岛哲也,134分钟,"['悬疑', '惊悚', '恐怖']"
337,1.0%,3.0%,24.8%,52.5%,18.8%,冈田准一,638,['\n        '],"['2019-06-15(上海电影节)', '2019-06-21(日本)']",江口幹,['\n        '],杀手寓言 ザ・ファブル,7.7,渡边雄介,124分钟,"['喜剧', '动作']"
338,3.2%,20.9%,53.9%,17.7%,4.3%,刘德华,178269,['\n        '],"['2019-07-05(中国大陆)', '2019-07-16(中国香港)']",邱礼涛,[' '],扫毒2天地对决 掃毒2：天地對決,6.0,李敏,99分钟,"['剧情', '动作', '悬疑', '犯罪']"
339,3.0%,23.9%,46.2%,21.6%,5.3%,诺艾尔·维尔斯,316,['\n        '],['2018-03-30(美国)'],贾里德·斯特恩,['\n        '],周年快乐 Happy Anniversary,6.0,贾里德·斯特恩,78分钟,['喜剧']
340,1.4%,11.7%,52.3%,28.4%,6.2%,希米什·帕特尔,8678,['\n        '],"['2019-08-16(中国大陆)', '2019-05-05(翠贝卡电影节)', '2019-06-28(英国)']",丹尼·博伊尔,['\n        '],昨日奇迹 Yesterday,6.5,杰克·巴斯,116分钟,"['喜剧', '音乐', '奇幻']"
341,0.3%,2.4%,30.5%,51.9%,14.7%,朱丽叶·比诺什,4107,['\n        '],['2019-02-27(法国)'],萨菲·奈布,['\n        '],你觉得我是谁 Celle que vous croyez,7.6,卡米尔·劳伦斯,101分钟,['剧情']
342,1.6%,12.5%,45.8%,29.9%,10.2%,托尼·塞尔维洛,1309,['\n        '],['2018-04-24(意大利)'],保罗·索伦蒂诺,['\n        '],他们 Loro 1,6.7,保罗·索伦蒂诺,104分钟,['传记']
343,5.1%,23.5%,50.9%,15.6%,4.9%,奥布瑞·普拉扎,5727,['\n        '],['2019-06-21(美国)'],拉尔斯·克列夫伯格,['\n        '],鬼娃回魂 Child's Play,5.8,唐·曼西尼,90分钟,['恐怖']
344,8.1%,34.3%,45.1%,7.9%,4.6%,中川大志,518,['\n        '],['2018-10-12(日本)'],井口升,['\n        '],接招吧！那边的女孩 覚悟はいいかそこの女子。,5.3,李正姫,95分钟,['爱情']
345,1.4%,5.6%,47.7%,37.3%,8.0%,朱迪·丹奇,2433,['\n        '],"['2018-09-07(多伦多电影节)', '2019-04-19(英国)']",特雷弗·纳恩,['\n        '],红琼 Red Joan,6.9,林赛·沙佩罗,101分钟,"['剧情', '惊悚', '传记']"
346,1.2%,5.4%,39.5%,40.9%,13.1%,弗朗索瓦·西维尔,4956,['\n        '],['2019-02-20(法国)'],阿贝尔·安扎克,['\n        '],狼嚎 Le chant du loup,7.2,阿贝尔·安扎克,116分钟,"['战争', '灾难']"
347,3.3%,19.3%,52.3%,19.3%,5.8%,披纳若·苏潘平佑,1247,['\n        '],['2018-10-25(泰国)'],柏德潘·王般,['\n        '],借来的100天 Homestay,6.1,柏德潘·王般,131分钟,"['剧情', '惊悚', '奇幻']"
348,1.9%,5.6%,28.0%,36.0%,28.6%,李晔,730,['\n        '],['2019-06-01(中国大陆)'],河村友宏,['\n        '],巧虎大飞船历险记,7.7,杉浦理史,80分钟,"['动画', '儿童']"
349,9.2%,17.9%,44.4%,22.4%,6.1%,张亚奇,1805,['\n        '],['2019-06-16(中国大陆)'],霍穗强,[' '],镇魔司：苍龙觉醒,6.0,吴克诚,90分钟,"['动作', '奇幻', '武侠', '古装']"
350,0.4%,1.9%,20.9%,48.9%,27.8%,李东辉,21169,['\n        '],['2019-05-22(韩国)'],张圭声,['\n        '],小委托人 어린 의뢰인,8.0,闵敬恩,114分钟,['剧情']
351,2.0%,6.1%,39.3%,41.7%,10.8%,管轩,2845,['\n        '],"['2019-06-28(中国大陆)', '2019-06-16(上海电影节)']",陈晓鸣,['\n        '],学区房72小时,7.1,陈晓鸣,99分钟,['剧情']
352,4.3%,21.1%,57.8%,11.1%,5.7%,克里斯·帕拉特,558,['\n        '],['2019-03-08(美国)'],文森特·多诺费奥,['\n        '],比利小子 The Kid,5.9,安德鲁·兰纳姆,100分钟,"['剧情', '传记', '西部']"
353,6.3%,21.6%,42.9%,18.9%,10.3%,约瑟芬·兰福德,6453,['\n        '],['2019-04-12(美国)'],珍妮·盖奇,['\n        '],之后 After,6.1,苏珊·麦克马丁,106分钟,"['剧情', '爱情']"
354,4.7%,20.0%,38.8%,21.2%,15.3%,阮圣文,405,['\n        '],['2019-04-07(中国大陆)'],贺泉,['\n        '],武者,6.4,贺泉,115分钟,['动作']
355,4.8%,25.9%,50.5%,13.9%,5.0%,维拉·法米加,16074,['\n        '],['2019-06-26(美国)'],加里·多伯曼,['\n        '],安娜贝尔3：回家 Annabelle Comes Home,5.8,加里·多伯曼,106分钟,"['悬疑', '惊悚', '恐怖']"
356,4.2%,20.3%,53.1%,17.5%,4.9%,容璇雯,747,['\n        '],"['2019-05-24(中国大陆)', '2018-02-15(马来西亚)']",周青元,['\n        '],大大哒 Think Big Big,6.0,陈胜吉,102分钟,"['剧情', '喜剧']"
357,1.5%,7.7%,50.9%,31.0%,8.9%,塞缪尔·杰克逊,6774,['\n        '],['2019-06-14(美国)'],蒂姆·斯托瑞,['\n        '],夏福特 Shaft,6.8,肯尼亚·巴里斯,111分钟,"['喜剧', '动作', '犯罪']"
358,2.2%,8.4%,52.2%,27.2%,10.0%,赛依拉·罗梅罗,383,['\n        '],"['2018-04-17(西班牙)', '2018-05-15(戛纳电影节)']",阿兰查·艾奇瓦莉亚,['\n        '],卡门和罗拉 Carmen y Lola,6.7,阿兰查·艾奇瓦莉亚,103分钟,"['剧情', '爱情']"
359,0.6%,2.8%,26.5%,47.2%,22.9%,汤姆·赫兰德,417772,['\n        '],"['2019-06-28(中国大陆)', '2019-07-02(美国)']",乔·沃茨,['\n        '],蜘蛛侠：英雄远征 Spider-Man: Far from Home,7.8,克里斯·麦克纳,127分钟,"['动作', '科幻', '冒险']"
360,5.2%,15.8%,46.3%,19.5%,13.2%,郑智薰,426,['\n        '],['2019-02-27(韩国)'],金有晟,['\n        '],自行车王严福童 자전차왕 엄복동,6.4,金有晟,118分钟,['传记']
361,15.4%,29.9%,37.4%,12.5%,4.8%,黄奕,4446,['\n        '],['2019-06-21(中国大陆)'],廉涛,['\n        '],碟仙,5.2,孙婉仪,83分钟,"['惊悚', '恐怖']"
362,16.4%,31.9%,39.3%,7.0%,5.4%,中岛健人,612,['\n        '],['2018-12-21(日本)'],河合勇人,['\n        '],伪恋 ニセコイ,5.1,小山正太,117分钟,"['喜剧', '爱情']"
363,0.3%,2.2%,29.3%,48.4%,19.7%,马东锡,141043,['\n        '],['2019-05-15(韩国)'],李元泰,['\n        '],恶人传 악인전,7.7,李元泰,109分钟,"['剧情', '动作', '犯罪']"
364,0.4%,2.8%,28.9%,48.6%,19.3%,萨莎·露丝,77588,['\n        '],"['2019-06-21(美国)', '2019-07-10(法国)']",吕克·贝松,['\n        '],安娜 Anna,7.7,吕克·贝松,119分钟,"['动作', '惊悚']"
365,0.5%,2.8%,32.0%,46.2%,18.6%,立川志の輔,2391,['\n        '],['2019-02-02(日本)'],岩合光昭,['\n        '],猫与爷爷 ねことじいちゃん,7.6,坪田文,104分钟,['剧情']
366,0.5%,7.0%,50.0%,37.0%,5.5%,路易·加瑞尔,723,['\n        '],"['2018-09-09(多伦多电影节)', '2018-12-26(法国)']",路易·加瑞尔,['\n        '],一个忠诚的男人 L'homme fidèle,6.8,让-克洛德·卡里埃,75分钟,"['剧情', '喜剧', '爱情']"
367,5.6%,33.9%,47.4%,10.1%,2.9%,爱德华·斯皮伊尔斯,531,['\n        '],['2018-10-05(西班牙)'],安东尼奥·图布伦,['\n        '],动物园 Zoo,5.4,安东尼奥·图布伦,95分钟,"['剧情', '喜剧', '恐怖']"
368,5.0%,19.6%,50.4%,17.5%,7.5%,亚历桑德罗·博尔吉,608,['\n        '],['2019-01-31(意大利)'],马特奥·罗韦尔,['\n        '],第一个国王 Il primo re,6.1,菲利波·格拉维诺,127分钟,"['剧情', '历史']"
369,7.1%,21.5%,48.9%,14.8%,7.7%,周秀娜,809,['\n        '],['2018-10-18(中国香港)'],甄栢荣,['\n        '],女皇撞到正,5.9,甄栢荣,99分钟,"['喜剧', '奇幻']"
370,0.6%,2.6%,38.6%,43.2%,14.9%,乔纳·豪尔-金,1201,['\n        '],"['2018-06-21(爱丁堡电影节)', '2019-02-22(英国)']",托比·麦克唐纳,['\n        '],老男孩 Old Boys,7.4,卢克·庞特,96分钟,['喜剧']
371,7.8%,32.5%,41.7%,13.4%,4.6%,吉田羊,383,['\n        '],['2018-05-11(日本)'],铃木收,['\n        '],爱之证 ラブ×ドック,5.5,铃木收,113分钟,['喜剧']
372,0.8%,5.3%,36.3%,46.6%,11.0%,皮耶尔弗兰切斯科·法维诺,2929,['\n        '],['2019-05-23(意大利/戛纳电影节)'],马可·贝洛基奥,['\n        '],叛徒 Il traditore,7.2,马可·贝洛基奥,135分钟,"['剧情', '传记', '犯罪']"
373,0.5%,2.1%,27.1%,52.8%,17.5%,野村万斋,4357,['\n        '],['2019-02-01(日本)'],福泽克雄,['\n        '],七个会议 七つの会議,7.7,丑尾健太郎,119分钟(日本),['剧情']
374,2.4%,9.8%,46.0%,32.5%,9.3%,门胁麦,1374,['\n        '],['2019-01-18(日本)'],二宫健,['\n        '],吉娃娃 チワワちゃん,6.7,冈崎京子,104分钟,['剧情']
375,0.4%,4.3%,41.7%,42.2%,11.4%,奥列格·伊万科,1988,['\n        '],"['2018-08-31(特柳赖德电影节)', '2019-03-22(英国)']",拉尔夫·费因斯,['\n        '],白乌鸦 The White Crow,7.2,戴维·黑尔,128分钟,"['剧情', '传记']"
376,1.6%,9.4%,54.2%,28.6%,6.3%,丹尼·戴·维利尔斯,888,['\n        '],"['2019(中国大陆)', '2018-12-26(法国)']",吉勒斯·戴·迈斯特,['\n        '],白狮奇缘 Mia et le Lion Blanc,6.6,普兰·德梅斯特,98分钟,"['家庭', '冒险']"
377,9.4%,36.4%,43.9%,7.6%,2.7%,奥克塔维亚·斯宾瑟,3459,['\n        '],['2019-05-31(美国)'],泰特·泰勒,['\n        '],恐怖大妈 Ma,5.2,斯科蒂·兰德斯,99分钟,"['惊悚', '恐怖']"
378,1.2%,8.4%,42.3%,35.7%,12.3%,片寄凉太,2861,['\n        '],"['2019-12-07(中国大陆)', '2019-06-21(日本)']",汤浅政明,['\n        '],若能与你共乘海浪之上 きみと、波にのれたら,7.0,吉田玲子,96分钟,"['爱情', '动画', '奇幻']"
379,9.7%,26.2%,40.2%,17.9%,5.9%,藤原龙也,994,['\n        '],"['2019-06-19(上海电影节)', '2019-07-05(日本)']",蜷川实花,['\n        '],杀手餐厅 Diner ダイナー,5.7,杉山嘉一,117分钟,"['剧情', '动作']"
380,1.2%,5.9%,33.9%,41.5%,17.4%,三浦春马,641,['\n        '],"['2019-06-18(上海电影节)', '2019-09-20(日本)']",今泉力哉,['\n        '],一首小夜曲 アイネクライネ ナハトムジーク,7.4,伊坂幸太郎,119分钟,['爱情']
381,0.8%,3.8%,28.6%,50.9%,15.9%,伊利亚·苏雷曼,1198,['\n        '],"['2019-05-24(戛纳电影节)', '2019-12-04(法国)']",伊利亚·苏雷曼,['\n        '],必是天堂 إن شئت كما في السماء,7.5,伊利亚·苏雷曼,97分钟,['喜剧']
382,0.1%,0.8%,11.5%,41.1%,46.4%,汤姆·汉克斯,154515,['\n        '],['2019-06-21(美国/中国大陆)'],乔什·库雷,['\n        '],玩具总动员4 Toy Story 4,8.7,约翰·拉塞特,100分钟,"['喜剧', '动画', '奇幻']"
383,1.6%,7.7%,42.4%,36.0%,12.3%,小松菜奈,2365,['\n        '],['2019-05-31(日本)'],盐田明彦,['\n        '],再见，嘴唇 さよならくちびる,7.0,盐田明彦,116分钟,['音乐']
384,0.8%,2.9%,32.1%,49.5%,14.7%,文素丽,5384,['\n        '],['2019-05-15(韩国)'],洪承完,['\n        '],陪审员 배심원들,7.5,洪承完,114分钟,['剧情']
385,2.4%,19.9%,51.7%,21.7%,4.2%,蕾雅·赛杜,755,['\n        '],"['2019-05-22(戛纳电影节)', '2019-08-21(法国)']",阿诺·戴普勒尚,['\n        '],"鲁贝之灯 Roubaix, une lumière",6.1,阿诺·戴普勒尚,119分钟,"['剧情', '犯罪']"
386,0.4%,1.7%,18.4%,57.5%,22.0%,克里斯·希钦,1347,['\n        '],"['2019-05-16(戛纳电影节)', '2019-11-01(英国)']",肯·洛奇,['\n        '],对不起，我们错过了你 Sorry We Missed You,8.0,保罗·拉弗蒂,100分钟(戛纳电影节),['剧情']
387,1.3%,10.1%,56.9%,26.5%,5.2%,伊桑·霍克,1325,['\n        '],['2018-04-19(翠贝卡电影节)'],罗伯特·布德里奥,['\n        '],斯德哥尔摩 Stockholm,6.5,罗伯特·布德里奥,92分钟,"['剧情', '喜剧', '犯罪']"
388,1.0%,4.6%,27.2%,44.1%,23.1%,二宫庆多,4952,['\n        '],"['2019-01-27(圣丹斯电影节)', '2019-06-14(日本)']",长久允,['\n        '],我们是小僵尸 ウィーアーリトルゾンビーズ,7.7,长久允,120分钟(圣丹斯电影节),"['剧情', '音乐']"
389,0.8%,3.4%,25.0%,44.5%,26.3%,纳塔利娅·德·莫利纳,1667,['\n        '],['2019-02-13(柏林电影节)'],伊莎贝尔·科赛特,['\n        '],伊莉莎与玛瑟拉 Elisa y Marcela,7.8,伊莎贝尔·科赛特,113分钟,"['爱情', '同性', '传记']"
390,2.5%,17.7%,56.2%,18.6%,5.0%,詹妮弗·安妮斯顿,7312,['\n        '],['2019-06-14(美国)'],凯尔·纽瓦切克,[' '],谋杀疑案 Murder Mystery,6.1,詹姆斯·范德比尔特,97分钟,"['喜剧', '动作', '爱情', '悬疑']"
391,0.4%,0.7%,10.8%,57.6%,30.5%,让娜·巴利巴尔,2007,['\n        '],"['2019-05-15(戛纳电影节)', '2019-11-20(法国)']",拉吉·利,['\n        '],悲惨世界 Les misérables,8.3,拉吉·利,103分钟,['剧情']
392,8.9%,24.5%,36.8%,18.6%,11.2%,马修·麦康纳,899,['\n        '],"['2019-03-09(西南偏南电影节)', '2019-03-29(美国)']",哈莫尼·科林,['\n        '],海滩流浪汉 The Beach Bum,6.0,哈莫尼·科林,95分钟,['喜剧']
393,0.4%,3.8%,40.5%,43.4%,12.0%,塞西尔·德·弗朗斯,866,['\n        '],"['2018-09-07(多伦多电影节)', '2018-09-12(法国)']",埃马纽埃尔·穆雷,['\n        '],容基耶尔女士 Mademoiselle de Joncquières,7.3,德尼·狄德罗,109分钟,"['剧情', '爱情']"
394,13.3%,36.5%,39.0%,6.8%,4.4%,郑恩地,2431,['\n        '],['2019-05-29(韩国)'],刘善东,['\n        '],0.0兆赫 0.0MHz,5.1,张觉,101分钟,['恐怖']
395,0.8%,3.9%,41.8%,42.1%,11.5%,杰西·艾森伯格,4374,['\n        '],"['2018-09-08(多伦多电影节)', '2019-03-15(美国)']",阮金,['\n        '],蜂鸟计划 The Hummingbird Project,7.2,阮金,111分钟,['剧情']
396,0.9%,5.2%,36.9%,44.5%,12.5%,三吉彩花,1737,['\n        '],"['2019-06-15(上海电影节)', '2019-08-16(日本)']",矢口史靖,['\n        '],与我跳舞 ダンスウィズミー,7.2,矢口史靖,104分钟,"['剧情', '喜剧', '歌舞']"
397,6.2%,15.6%,51.4%,21.8%,5.1%,安东尼奥·德·拉·托雷,877,['\n        '],"['2018-09-07(多伦多电影节)', '2018-09-28(西班牙)']",罗德里戈·索罗戈延,['\n        '],王国 El reino,6.1,罗德里戈·索罗戈延,122分钟,"['剧情', '惊悚']"
398,5.8%,23.1%,46.2%,17.3%,7.7%,尹天照,876,['\n        '],['2019-06-08(中国大陆)'],刘轩狄,['\n        '],伏妖白鱼镇2,6.0,崔走召,85分钟,"['悬疑', '奇幻']"
399,1.5%,13.1%,51.1%,27.1%,7.2%,亚历山大·斯卡斯加德,3862,['\n        '],"['2019-03-01(英国)', '2019-03-15(美国)']",詹姆斯·肯特,['\n        '],余波 The Aftermath,6.5,乔·施雷普内尔,108分钟,"['剧情', '爱情', '战争']"
400,13.6%,36.4%,37.1%,8.8%,4.1%,陈逸宁,3397,['\n        '],['2019-01-31(中国香港)'],彭浩翔,['\n        '],恭喜八婆,5.1,彭浩翔,90分钟,['喜剧']
401,5.2%,28.1%,52.0%,12.2%,2.5%,克里斯·海姆斯沃斯,116308,['\n        '],"['2019-06-12(中国台湾)', '2019-06-14(美国/中国大陆)']",F·加里·格雷,['\n        '],黑衣人：全球追缉 Men in Black International,5.6,劳威尔·坎宁安 ,115分钟,"['喜剧', '动作', '科幻']"
402,9.5%,32.6%,46.7%,8.8%,2.5%,乔纳森·斯沃曼,335,['\n        '],['2018-05-04(美国)'],Scott Perlman,['\n        '],安多弗 Andover,5.2,Scott Perlman,91分钟,"['剧情', '喜剧', '爱情']"
403,0.8%,5.5%,36.8%,46.7%,10.1%,安东·庞布施尼,7366,['\n        '],"['2019(中国大陆)', '2019-03-21(俄罗斯)']",安德烈·沃金,['\n        '],巴尔干边界 Балканский рубеж,7.2,安德烈·阿纳金,151分钟,"['动作', '战争']"
404,6.7%,23.5%,44.7%,19.4%,5.7%,白百何,44036,['\n        '],"['2018-12-27(中国香港点映)', '2019-06-14(中国大陆)']",李少红,['\n        '],妈阁是座城,5.9,芦苇,127分钟,['剧情']
405,11.5%,37.4%,41.0%,6.8%,3.3%,乔尔·考特尼,1293,['\n        '],['2019-05-24(美国)'],约翰·莫洛斯基,['\n        '],惊天复制 Assimilate,5.1,约翰·莫洛斯基,93分钟,"['科幻', '惊悚', '恐怖']"
406,1.9%,8.5%,54.7%,27.4%,7.5%,奥尔本·勒努瓦,1308,['\n        '],['2019-01-30(法国)'],弗雷德·格里瓦,['\n        '],干预 L'intervention,6.6,伊莱娜·艾普斯茨塔恩,98分钟,"['剧情', '动作', '战争']"
407,2.5%,11.9%,51.2%,27.6%,6.7%,阮如琼,2248,['\n        '],"['2018-09-07(多伦多电影节)', '2019-05-17(越南)']",阮芳英,['\n        '],三太太 Vợ Ba,6.5,阮芳英,96分钟,['剧情']
408,1.1%,9.3%,51.3%,28.2%,10.1%,罗美兰,13470,['\n        '],['2019-05-09(韩国)'],郑多元,[' '],女警 걸캅스,6.7,郑多元,107分钟,"['喜剧', '动作', '悬疑', '犯罪']"
409,13.0%,13.0%,39.1%,24.6%,10.1%,郑强,445,['\n        '],['2018-11-30(中国大陆)'],柏麟,['\n        '],天渠,6.1,韩炜,93分钟,['剧情']
410,2.7%,15.1%,50.8%,24.0%,7.4%,伊恩·麦柯肖恩,1112,['\n        '],['2019-05-31(美国)'],丹尼尔·米纳汉,['\n        '],朽木 Deadwood,6.4,大卫·米尔契,110分钟,['西部']
411,0.4%,1.6%,15.4%,43.7%,38.9%,长泽雅美,4837,['\n        '],['2019-05-17(日本)'],田中亮,['\n        '],行骗天下JP：浪漫篇 コンフィデンスマンJP,8.4,古泽良太,116分钟,"['喜剧', '悬疑']"
412,3.7%,12.9%,49.1%,24.2%,10.1%,山崎贤人,4334,['\n        '],['2019-04-19(日本)'],佐藤信介,[' '],王者天下 キングダム,6.5,黑岩勉,134分钟,"['剧情', '历史', '战争', '古装']"
413,0.9%,3.6%,40.1%,44.3%,11.1%,马提亚斯·修奈尔,2915,['\n        '],"['2019-01-31(圣丹斯电影节)', '2019-06-19(法国)']",劳瑞·德·克莱蒙特-托奈尔,['\n        '],野马 The Mustang,7.2,莫娜·法斯特欧德,96分钟(圣丹斯电影节),['剧情']
414,0.9%,4.1%,36.6%,44.1%,14.4%,萝丝·拜恩,10381,['\n        '],"['2019-01-25(圣丹斯电影节)', '2019-07-18(澳大利亚)']",格兰特·斯布托尔,['\n        '],吾乃母亲 I Am Mother,7.3,格兰特·斯布托尔,114分钟(圣丹斯电影节),"['科幻', '惊悚']"
415,4.0%,16.2%,52.7%,20.0%,7.1%,安德烈·切尔内绍夫,574,['\n        '],"['2018-10-25(俄罗斯)', '2019-01-22(德国)']",康斯坦尼·马科斯莫夫,['\n        '],坚不可摧 Несокрушимый,6.2,瓦列丽娅·拜克耶娃,90分钟,"['剧情', '历史', '战争']"
416,0.6%,4.4%,35.5%,44.8%,14.7%,桑德琳娜·基贝兰,799,['\n        '],['2018-12-05(法国)'],珍妮·亨利,['\n        '],孤儿 Pupille,7.4,珍妮·亨利,110分钟,['剧情']
417,2.5%,10.5%,40.2%,34.6%,12.2%,安田显,466,['\n        '],['2018-09-14(日本)'],吉田惠辅,['\n        '],亲爱的艾琳 愛しのアイリーン,6.9,新井英树,137分钟,['爱情']
418,5.6%,17.7%,50.8%,17.4%,8.5%,王海涛,1491,['\n        '],"['2019-04-26(中国大陆)', '2018-10-18(华沙电影节)']",左志国,['\n        '],云雾笼罩的山峰,6.1,左志国,91分钟,"['剧情', '悬疑']"
419,5.2%,26.9%,54.5%,10.8%,2.6%,凯瑟琳·普雷斯科特,3489,['\n        '],['2019-01-10(德国)'],拉尔斯·克列夫伯格,['\n        '],拍栗得 Polaroid,5.6,布莱尔·巴特勒,88分钟,"['剧情', '惊悚', '恐怖']"
420,4.4%,23.6%,51.6%,16.5%,4.0%,苏菲·特纳,167308,['\n        '],"['2019-06-06(中国大陆)', '2019-06-07(美国)']",西蒙·金伯格,['\n        '],X战警：黑凤凰 Dark Phoenix,5.8,西蒙·金伯格,114分钟,"['动作', '科幻', '冒险']"
421,12.9%,28.6%,39.3%,14.2%,5.0%,陈飞宇,74301,['\n        '],['2019-06-06(中国大陆)'],章笛沙,['\n        '],最好的我们,5.4,章笛沙,110分钟,"['剧情', '爱情']"
422,0.6%,6.9%,46.6%,34.8%,11.1%,帕顿·奥斯瓦尔特,68190,['\n        '],"['2019-07-05(中国大陆)', '2019-06-07(美国)']",克里斯·雷纳德,['\n        '],爱宠大机密2 The Secret Life of Pets 2,7.0,布莱恩·林奇,86分钟,"['喜剧', '动画', '冒险']"
423,5.8%,30.1%,50.6%,11.3%,2.2%,梁家辉,99877,['\n        '],['2019-06-06(中国大陆)'],王晶,['\n        '],追龙Ⅱ 追龍2：賊王,5.5,王晶,103分钟,"['剧情', '动作', '犯罪']"
424,1.3%,10.0%,51.8%,27.1%,9.8%,斯科特·阿金斯,2373,['\n        '],['2019-05-24(美国)'],杰西·约翰逊,['\n        '],复仇者 Avengement,6.7,斯图·斯莫尔,90分钟,"['动作', '犯罪']"
425,3.2%,18.9%,53.9%,18.0%,6.0%,克里斯汀·斯图尔特,767,['\n        '],['2018-09-10(多伦多电影节)'],贾斯汀·凯利,['\n        '],JT·莱罗伊 JT Leroy,6.1,贾斯汀·凯利,105分钟,"['剧情', '传记']"
426,10.2%,23.1%,39.5%,20.5%,6.6%,约翰·古德曼,2352,['\n        '],['2019-03-15(美国)'],鲁伯特·瓦耶特,['\n        '],俘虏国度 Captive State,5.8,埃丽卡·比尼,109分钟,"['科幻', '惊悚']"
427,0.7%,5.3%,45.3%,34.7%,14.0%,约瑟夫·梅,1368,['\n        '],"['2019-05-31(中国大陆)', '2018-07-20(英国)']",大卫·斯特登,['\n        '],托马斯大电影之世界探险记 Thomas & Friends: Big World! Big Adventures! The Movie,7.1,安德鲁·布瑞纳,85分钟,"['动画', '儿童']"
428,0.6%,2.7%,34.8%,47.9%,14.0%,文森特·拉科斯特,1399,['\n        '],"['2018-08-31(威尼斯电影节)', '2018-11-21(法国)']",米夏埃尔·艾斯,['\n        '],阿曼达 Amanda,7.4,莫德·阿美林,107分钟,['剧情']
429,2.1%,10.6%,44.4%,32.4%,10.4%,陈敬权,443,['\n        '],['2018-03-28(新加坡)'],陈敬权,['\n        '],冲绳豆腐之恋 Jimami Tofu,6.8,陈敬权,121分钟,"['剧情', '爱情']"
430,5.8%,25.6%,43.9%,17.3%,7.4%,艾狄森·蒂姆林,716,['\n        '],['2019-05-14(美国)'],乔什·加诺维茨,['\n        '],机器生活 Life Like,5.9,乔什·加诺维茨,95分钟,['科幻']
431,8.5%,29.0%,46.0%,11.9%,4.6%,姜艺媛,772,['\n        '],['2019-04-17(韩国)'],金圣基,['\n        '],监视 왓칭,5.5,金圣基,97分钟,['惊悚']
432,0.6%,4.4%,36.6%,42.1%,16.3%,水田山葵,29235,['\n        '],"['2019-06-01(中国大陆)', '2019-03-01(日本)']",八锹新之介,['\n        '],哆啦A梦：大雄的月球探险记 映画ドラえもん のび太の月面探査記,7.4,藤子·F·不二雄,111分钟,"['剧情', '动画']"
433,7.9%,28.3%,46.5%,12.9%,4.5%,伊丽莎白·班克斯,9385,['\n        '],['2019-05-24(美国)'],大卫·雅洛维斯基,['\n        '],魔童 Brightburn,5.6,布莱恩·戈恩,91分钟,['恐怖']
434,13.8%,34.4%,38.7%,8.3%,4.7%,杰克·戈尔,771,['\n        '],['2019-05-24(美国)'],约瑟夫·麦克金提·尼彻,['\n        '],环球卫士 Rim Of The World,5.1,扎克·施坦茨,98分钟,"['科幻', '冒险']"
435,8.7%,29.0%,43.6%,11.6%,7.1%,葵若菜,519,['\n        '],['2018-08-01(日本)'],古泽健,['\n        '],青夏：恋上你的30日 青夏 きみに恋した30日,5.6,持地佑季子,113分钟,"['剧情', '爱情', '冒险']"
436,4.7%,19.9%,44.6%,23.0%,7.7%,榎木淳弥,4407,['\n        '],"['2019-07-12(中国大陆)', '2018-11-30(日本)']",吉泽俊一,['\n        '],机动战士高达NT 機動戦士ガンダム NT（ナラティブ）,6.2,福井晴敏,90分钟,"['科幻', '动画', '战争']"
437,1.1%,4.7%,43.1%,39.0%,12.1%,廉晶雅,1460,['\n        '],['2019-04-11(韩国)'],金允石,['\n        '],未成年 미성년,7.1,金允石,96分钟,['剧情']
438,0.9%,6.6%,41.3%,39.3%,11.9%,塔伦·埃格顿,8658,['\n        '],"['2019-05-16(戛纳电影节)', '2019-05-22(英国)', '2019-05-31(美国)']",德克斯特·弗莱彻,[' '],火箭人 Rocketman,7.1,李·哈尔,121分钟,"['剧情', '同性', '音乐', '传记']"
439,0.9%,8.2%,50.7%,30.7%,9.4%,尼古拉斯·霍尔特,4340,['\n        '],"['2019-05-03(英国)', '2019-05-10(美国)']",多姆·卡如库斯基,['\n        '],托尔金 Tolkien,6.8,大卫·格里森,112分钟,"['剧情', '传记']"
440,8.3%,26.2%,44.3%,17.0%,4.2%,科洛·塞维尼,10174,['\n        '],"['2019-05-14(戛纳电影节)', '2019-06-14(美国)']",吉姆·贾木许,['\n        '],丧尸未逝 The Dead Don't Die,5.7,吉姆·贾木许,104分钟,"['喜剧', '恐怖']"
441,0.4%,1.7%,19.9%,53.9%,24.1%,安德丽·贝斯孔,4258,['\n        '],"['2018-05-14(戛纳电影节)', '2018-11-14(法国)']",安德丽·贝斯孔,['\n        '],不能说的游戏 Les chatouilles,8.0,安德丽·贝斯孔,103分钟,['剧情']
442,1.5%,6.6%,40.8%,38.7%,12.4%,比妮·费尔德斯坦,11707,['\n        '],"['2019-03-10(西南偏南电影节)', '2019-05-24(美国)']",奥利维亚·王尔德,['\n        '],高材生 Booksmart,7.1,苏珊娜·福格尔,102分钟,"['喜剧', '同性']"
443,0.2%,0.8%,16.4%,49.9%,32.7%,申河均,29010,['\n        '],['2019-05-01(韩国)'],陆相孝,['\n        '],我的一级兄弟 나의 특별한 형제,8.3,陆相孝,114分钟,['喜剧']
444,0.3%,0.8%,10.3%,46.5%,42.1%,安东尼奥·班德拉斯,30758,['\n        '],"['2019-03-13(马德里首映)', '2019-03-22(西班牙)', '2019-05-17(戛纳电影节)']",佩德罗·阿莫多瓦,['\n        '],痛苦与荣耀 Dolor y gloria,8.6,佩德罗·阿莫多瓦,113分钟,"['剧情', '同性']"
445,1.3%,10.2%,41.3%,34.7%,12.4%,马思琪,1190,['\n        '],"['2019-08-05(中国大陆)', '2018-10-17(平遥国际电影展)']",刘苗苗,['\n        '],红花绿叶,6.9,刘苗苗,96分钟,"['剧情', '爱情']"
446,5.6%,27.7%,46.5%,14.2%,6.0%,韩石圭,844,['\n        '],"['2019-02-08(柏林电影节)', '2019-03-20(韩国)']",李铢真,['\n        '],偶像 우상,5.7,李铢真,144分钟,"['惊悚', '犯罪']"
447,8.8%,23.2%,48.5%,15.4%,4.1%,艾莉森·威廉姆斯,2869,['\n        '],"['2018-09-20(奇幻电影节)', '2019-05-24(美国)']",理查德·谢帕德,['\n        '],完美琴仇 The Perfection,5.7,理查德·谢帕德,90分钟,"['剧情', '惊悚', '恐怖']"
448,2.9%,13.1%,53.2%,21.2%,9.6%,约翰·亚伯拉罕,397,['\n        '],['2018-05-25(印度)'],埃比克·沙尔曼,['\n        '],核弹英雄 Parmanu: The Story of Pokhran,6.4,塞尔温·恰德尔斯,129分钟,"['剧情', '动作', '历史']"
449,1.0%,3.1%,29.1%,48.7%,18.1%,郑人硕,3942,['\n        '],['2019-01-23(中国台湾)'],黄朝亮,['\n        '],寒单 寒單,7.6,黄朝亮,125分钟,['剧情']
450,0.3%,0.7%,9.5%,43.3%,46.2%,宋康昊,487770,['\n        '],"['2019-05-21(戛纳电影节)', '2019-05-30(韩国)']",奉俊昊,['\n        '],寄生虫 기생충,8.7,奉俊昊,132分钟,"['剧情', '喜剧']"
451,1.0%,9.4%,49.4%,30.9%,9.2%,筱原凉子,2279,['\n        '],['2018-11-16(日本)'],堤幸彦,['\n        '],沉睡的人鱼之家 人魚の眠る家,6.8,篠崎绘里子,120分钟,['剧情']
452,3.2%,16.3%,48.8%,24.8%,6.9%,凯尔·钱德勒,179953,['\n        '],"['2019-05-31(中国大陆/美国)', '2019-05-25(大规模点映)']",迈克尔·道赫蒂,[' '],哥斯拉2：怪兽之王 Godzilla: King of the Monsters,6.3,迈克尔·道赫蒂,132分钟,"['动作', '科幻', '冒险', '灾难']"
453,1.3%,5.6%,44.8%,39.1%,9.3%,朱丽安·摩尔,2103,['\n        '],"['2018-09-07(多伦多电影节)', '2019-03-08(美国)']",塞巴斯蒂安·莱里奥,['\n        '],葛洛莉亚·贝尔 Gloria Bell,7.0,爱丽丝·约翰逊·玻尔,102分钟,"['剧情', '爱情']"
454,7.1%,31.7%,45.1%,12.3%,3.8%,艾米·波勒,572,['\n        '],['2019-05-10(美国)'],艾米·波勒,['\n        '],酒乡 Wine Country,5.5,利兹·卡科斯基,103分钟,['喜剧']
455,3.9%,13.3%,53.4%,20.1%,9.4%,安德烈·梅尔兹利金,473,['\n        '],['2018-04-26(俄罗斯)'],基姆·德鲁日宁,['\n        '],坦克 Танки,6.4,纳扎罗夫·安德烈,95分钟,"['喜剧', '动作', '历史']"
456,0.6%,4.2%,31.0%,44.7%,19.5%,约翰尼·德普,11207,['\n        '],"['2018-10-05(苏黎世电影节)', '2019-05-17(美国)']",韦恩·罗伯茨,['\n        '],教授 The Professor,7.6,韦恩·罗伯茨,90分钟,"['剧情', '喜剧']"
457,8.9%,31.6%,42.1%,12.1%,5.3%,塞巴斯蒂安·斯坦,1009,['\n        '],"['2018-09-22(洛杉矶电影节)', '2019-05-17(美国)']",史黛西·帕松,['\n        '],我们一直住在城堡里 We Have Always Lived in the Castle,5.5,马克·克鲁格,90分钟,"['剧情', '悬疑', '惊悚']"
458,6.8%,20.2%,46.0%,21.8%,5.3%,桥本爱,700,['\n        '],"['2018-10-09(温哥华电影节)', '2018-10-19(日本)']",广木隆一,['\n        '],这里好无聊，快来接我 ここは退屈迎えに来て,6.0,樱井智也,98分钟,['剧情']
459,2.4%,12.7%,51.4%,24.6%,8.9%,白洲迅,2449,['\n        '],['2019-02-08(日本)'],原桂之介,['\n        '],后街女孩 Back Street Girls ゴクドルズ,6.5,Jasmine Gyuh,88分钟,['剧情']
460,0.4%,3.1%,31.5%,47.2%,17.7%,梅纳·玛索德,198547,['\n        '],['2019-05-24(美国/中国大陆)'],盖·里奇,[' '],阿拉丁 Aladdin,7.6,盖·里奇,128分钟,"['爱情', '歌舞', '奇幻', '冒险']"
461,4.7%,21.5%,48.5%,19.8%,5.5%,藤冈靛,463,['\n        '],['2018-05-26(日本)'],深田晃司,['\n        '],奔向大海 海を駆ける,6.0,深田晃司,107分钟,"['剧情', '奇幻']"
462,5.8%,18.9%,49.6%,22.3%,3.4%,杰森·帕特里克,474,['\n        '],['2018-10-19(美国)'],斯科特·马丁,['\n        '],大杀特杀 Big Kill,6.0,斯科特·马丁,126分钟,"['动作', '西部']"
463,0.7%,3.4%,27.3%,50.8%,17.9%,米基·马诺伊洛维奇,553,['\n        '],['2018-10-31(东京电影节)'],法伊特·赫尔默,['\n        '],文胸奇缘 The Bra,7.6,法伊特·赫尔默,90分钟,['喜剧']
464,0.7%,4.2%,39.7%,42.5%,12.9%,达伦·克里斯,3945,['\n        '],['2019-05-14(美国)'],杰克·卡斯托雷纳,['\n        '],蝙蝠侠大战忍者神龟 Batman Vs. Teenage Mutant Ninja Turtles,7.3,马尔利·哈尔彭-格雷瑟,87分钟,"['动作', '动画', '冒险']"
465,7.9%,25.0%,47.6%,14.5%,5.0%,土屋太凤,592,['\n        '],['2018-12-14(日本)'],平川雄一朗,['\n        '],守望春天的我们 春待つ僕ら,5.7,冈崎聪子,108分钟,['爱情']
466,9.3%,38.9%,40.1%,8.0%,3.7%,汤怡,640,['\n        '],"['2018-05-31(中国香港)', '2019-08-07(中国大陆)', '2018-04-16(北京电影节)']",刘伟恒,['\n        '],某日某月,5.2,王沛然,96分钟,['爱情']
467,3.3%,20.8%,45.2%,22.0%,8.6%,亚历杭德拉·劳拉,396,['\n        '],['2018-10-19(德国)'],露丝·考德利,['\n        '],欲后 ¿Cómo te llamas?,6.2,露丝·考德利,93分钟,"['剧情', '同性']"
468,1.2%,8.5%,46.0%,31.7%,12.6%,丹尼斯·奎德,65132,['\n        '],['2019-05-17(美国/中国大陆)'],盖尔·曼库索,['\n        '],一条狗的使命2 A Dog's Journey,6.9,W·布鲁斯·卡梅伦,108分钟,"['剧情', '喜剧', '家庭']"
469,1.8%,5.1%,34.3%,41.1%,17.6%,趣里,4802,['\n        '],['2018-11-09(日本)'],关根光才,['\n        '],只有爱能让我生存 生きてるだけで、愛。,7.4,本谷有希子,109分钟,['爱情']
470,5.9%,26.5%,48.8%,14.7%,4.2%,杉咲花,7209,['\n        '],['2019-01-25(日本)'],堤幸彦,['\n        '],十二个想死的孩子 十二人の死にたい子どもたち,5.7,仓持裕,117分钟,['悬疑']
471,3.0%,12.7%,48.7%,25.6%,10.0%,吉娜·罗德里格兹,1629,['\n        '],['2019-04-19(美国)'],詹尼弗·凯廷·罗宾逊,['\n        '],大人物 Someone Great,6.5,詹尼弗·凯廷·罗宾逊,92分钟,"['喜剧', '爱情']"
472,0.9%,3.7%,24.9%,43.6%,26.8%,基努·里维斯,90533,['\n        '],['2019-05-17(美国)'],查德·斯塔赫斯基,['\n        '],疾速备战 John Wick: Chapter 3 - Parabellum,7.8,德里克·科尔斯塔,131分钟,"['动作', '惊悚', '犯罪']"
473,4.6%,27.8%,48.9%,12.4%,6.2%,安德烈·米罗诺夫-乌达洛夫,809,['\n        '],['2019-01-27(俄罗斯)'],阿列克谢·科茨洛夫,['\n        '],拯救列宁格勒 Спасти Ленинград,5.8,阿列克谢·科茨洛夫,96分钟,"['剧情', '爱情', '战争']"
474,7.5%,29.0%,43.4%,15.3%,4.7%,纳迪娅·亚历山大,531,['\n        '],"['2018-04-21(翠贝卡电影节)', '2018-10-12(奥地利)']",贾斯汀·P·兰格,['\n        '],黑暗 The Dark,5.6,贾斯汀·P·兰格,95分钟,['恐怖']
475,3.1%,15.6%,49.6%,20.9%,10.9%,弗朗索瓦·西维尔,449,['\n        '],['2018-01-03(法国)'],雅恩·戈斯兰,['\n        '],筋疲力尽 Burn Out,6.4,鲍勃·布克霍尔兹,107分钟,"['动作', '惊悚']"
476,0.7%,7.7%,53.3%,28.8%,9.5%,阿尔·帕西诺,362,['\n        '],['2018-04-07(美国)'],巴瑞·莱文森,['\n        '],帕特诺 Paterno,6.8,黛博拉·卡恩,105分钟,"['剧情', '传记']"
477,4.1%,27.2%,51.7%,13.3%,3.8%,安妮·海瑟薇,13812,['\n        '],['2019-05-10(美国)'],克里斯·艾迪生,['\n        '],偷心女盗 The Hustle,5.7,斯坦利·沙皮罗,93分钟,['喜剧']
478,1.8%,7.8%,40.2%,36.0%,14.2%,畠中祐,3298,['\n        '],['2019-05-10(日本)'],荒木哲郎,['\n        '],甲铁城的卡巴内瑞：海门决战 甲鉄城のカバネリ ～海門決戦～,7.1,大河内一楼,82分钟,"['剧情', '动作', '动画']"
479,13.7%,26.5%,48.7%,8.5%,2.6%,季晨,714,['\n        '],['2019-04-25(中国大陆)'],侯国涛,['\n        '],傀儡姬,5.2,王曼丽,72分钟,"['悬疑', '奇幻']"
480,2.5%,9.5%,39.7%,30.8%,17.5%,胡军,1774,['\n        '],"['2019-05-17(中国大陆)', '2019-04-13(北京国际电影节)']",西尔扎提·亚合甫,['\n        '],音乐家,7.0,张遂遂,104分钟,"['剧情', '历史']"
481,3.2%,17.1%,54.3%,19.2%,6.2%,佐藤健,2037,['\n        '],['2018-10-19(日本)'],大友启史,['\n        '],亿男 億男,6.2,川村元气,116分钟,['剧情']
482,13.0%,37.8%,36.3%,8.8%,4.2%,拉腊·罗西,4253,['\n        '],"['2019-01-16(芬兰)', '2019-03-21(德国)']",提莫·沃伦索拉,['\n        '],钢铁苍穹2：即临种族 Iron Sky: The Coming Race,5.1,达兰·穆森,92分钟,"['喜剧', '动作', '科幻']"
483,2.1%,11.9%,60.5%,19.6%,5.8%,里卡多·斯卡马乔,687,['\n        '],['2019-04-19(意大利)'],雷纳托·德·马里亚,['\n        '],无情暴虐 Lo spietato,6.3,雷纳托·德·马里亚,111分钟,"['剧情', '犯罪']"
484,0.9%,3.3%,30.4%,46.7%,18.8%,薛景求,3392,['\n        '],['2019-04-03(韩国)'],李钟言,['\n        '],生日 생일,7.6,李钟言,120分钟,['剧情']
485,1.4%,10.6%,51.7%,26.4%,9.8%,李善均,2552,['\n        '],['2019-03-20(韩国)'],李桢凡,['\n        '],恶霸警察 악질경찰,6.7,李桢凡,127分钟,"['剧情', '犯罪']"
486,1.6%,3.2%,27.4%,46.3%,21.6%,马顺洗,1115,['\n        '],['2018-05-11(中国大陆)'],徐耿,['\n        '],破门,7.7,许波,104分钟,['剧情']
487,5.3%,15.2%,38.6%,31.1%,9.8%,奥野壮,1535,['\n        '],['2018-12-22(日本)'],山口恭平,['\n        '],假面骑士平成世代 FOREVER 仮面ライダー平成ジェネレーションズ FOREVER,6.5,下山健人,100分钟,"['动作', '科幻', '儿童']"
488,3.7%,27.1%,50.6%,13.2%,5.4%,吉娜·罗德里格兹,586,['\n        '],['2019-02-01(美国)'],凯瑟琳·哈德威克,['\n        '],选美小姐 Miss Bala,5.8,加雷斯·邓内特-阿尔科塞,104分钟,['剧情']
489,3.7%,15.0%,52.7%,21.7%,6.9%,约翰·库萨克,596,['\n        '],['2019-03-15(美国)'],伊万·卡瓦纳,['\n        '],永生之地 Never Grow Old,6.3,伊万·卡瓦纳,100分钟,"['动作', '犯罪', '西部']"
490,1.9%,14.9%,40.2%,34.2%,8.9%,南吉,839,['\n        '],['2019-02-11(柏林电影节)'],相梓,['\n        '],再见 南屏晚钟,6.7,相梓,107分钟,"['剧情', '同性', '家庭']"
491,3.8%,13.6%,33.5%,35.3%,13.8%,马伊琍,2464,['\n        '],"['2019-05-10(中国大陆)', '2018-06-17(上海电影节)']",胡玫,['\n        '],进京城,6.8,邹静之,113分钟,"['剧情', '历史', '古装']"
492,2.1%,11.1%,50.7%,27.9%,8.3%,查理兹·塞隆,8877,['\n        '],"['2019-03-09(西南偏南电影节)', '2019-05-03(美国)']",乔纳森·莱文,['\n        '],全民追女王 Long Shot,6.6,丹·斯特林,125分钟,['喜剧']
493,0.8%,8.0%,51.1%,31.1%,9.0%,休·杰克曼,2167,['\n        '],['2019-04-12(美国)'],克里斯·巴特勒,['\n        '],遗失的环节 Missing Link,6.8,克里斯·巴特勒,95分钟,"['动画', '冒险']"
494,1.8%,12.5%,51.5%,26.5%,7.7%,瑞恩·雷诺兹,274884,['\n        '],['2019-05-10(美国/中国大陆)'],罗伯·莱特曼,[' '],大侦探皮卡丘 Pokémon Detective Pikachu,6.5,丹·埃尔南德斯,104分钟,"['喜剧', '动画', '奇幻', '冒险']"
495,0.5%,4.8%,35.3%,45.3%,14.1%,杰·科特尼,1665,['\n        '],['2019-01-10(澳大利亚)'],肖恩·斯伊特,['\n        '],鹈鹕的故事 Storm Boy,7.4,贾斯廷·蒙霍,99分钟,"['剧情', '家庭']"
496,3.1%,2.8%,10.0%,27.1%,56.9%,福山润,1375,['\n        '],['2019-02-09(日本)'],谷口悟朗,['\n        '],代号基亚斯：复活的鲁路修 コードギアス 復活のルルーシュ,8.6,大河内一楼,112分钟,['动画']
497,1.0%,3.6%,33.4%,47.6%,14.3%,伊赫斯·贝尔本,2100,['\n        '],['2018-10-18(德国)'],宋克·沃特曼,['\n        '],一次聚会 Der Vorname,7.4,克劳迪厄斯·普拉金,91分钟,['喜剧']
498,1.7%,8.6%,52.8%,29.7%,7.2%,莉莉·柯林斯,5613,['\n        '],['2019-01-26(圣丹斯电影节)'],乔·伯灵格,['\n        '],"极端邪恶 Extremely Wicked, Shockingly Evil and Vile",6.6,伊丽莎白·肯德尔,108分钟(圣丹斯电影节),['惊悚']
499,0.5%,3.3%,33.5%,44.7%,18.0%,安娜·帕奎因,3128,['\n        '],"['2018-09-09(多伦多电影节)', '2019-05-03(美国)']",安娜贝尔·杨科尔,['\n        '],告诉蜜蜂 Tell It to the Bees,7.5,亨里埃塔·阿什沃思,106分钟,"['剧情', '爱情']"
500,5.8%,26.3%,53.2%,11.5%,3.2%,安娜·穆格拉利斯,344,['\n        '],['2018-06-27(爱丁堡电影节)'],弗兰克·里比埃尔,['\n        '],以遇刺为生的女人 The Most Assassinated Woman in the World,5.6,詹姆斯·查科,102分钟,"['剧情', '悬疑', '惊悚']"
